,user,text,scores,compound,user,text,scores,compound
0,BarackObama,".@SamanthaJPower is a Pulitzer winner, an incredible writer, and a great friend. Her memoir, The Education of an Id‚Ä¶ https://t.co/rsVrBUOSIJ","{'neg': 0.0, 'neu': 0.575, 'pos': 0.425, 'compound': 0.9022}",0.9022,KimKardashian,"RT @mariokardash: @kimkardashian x @makeupbymario , helping out customers today at an @ultabeauty store in New York. https://t.co/WeMlOR2oTV","{'neg': 0.0, 'neu': 0.872, 'pos': 0.128, 'compound': 0.296}",0.296
1,BarackObama,"Michelle and I are heartbroken over the passing of our friend, Elijah Cummings. May his example inspire more Americ‚Ä¶ https://t.co/Km5EWFuGaw","{'neg': 0.158, 'neu': 0.588, 'pos': 0.254, 'compound': 0.3818}",0.3818,KimKardashian,The @skims High Waisted Bonded Brief ($78) in Onyx is available now in sizes XXS - XL and comes packaged in our sig‚Ä¶ https://t.co/PZOBiEREHC,"{'neg': 0.0, 'neu': 1.0, 'pos': 0.0, 'compound': 0.0}",0.0
2,BarackObama,"I was proud to work with Justin Trudeau as President. He's a hard-working, effective leader who takes on big issues‚Ä¶ https://t.co/nZdSmWcpgP","{'neg': 0.0, 'neu': 0.733, 'pos': 0.267, 'compound': 0.7351}",0.7351,KimKardashian,RT @TeamKanyeDaily: IF YOU MISSED IT: @kanyewest x @zanelowe interview from today! https://t.co/YtGPUpJ4j2?,"{'neg': 0.227, 'neu': 0.773, 'pos': 0.0, 'compound': -0.4981}",-0.4981
3,BarackObama,"In December, Michelle and I will head to Malaysia for the first @ObamaFoundation Leaders: Asia-Pacific gathering. T‚Ä¶ https://t.co/sDWtdRPHCQ","{'neg': 0.0, 'neu': 1.0, 'pos': 0.0, 'compound': 0.0}",0.0,KimKardashian,Glam or Goth this Halloween? Testing out costumes with @picsartstudio. #picsart #picsartpartner‚Ä¶ https://t.co/ivfRj7OPFM,"{'neg': 0.0, 'neu': 1.0, 'pos': 0.0, 'compound': 0.0}",0.0
4,BarackObama,"Yesterday, marathoner Eliud Kipchoge became the first ever to break two hours. Today in Chicago, Brigid Kosgei set‚Ä¶ https://t.co/xbTHZbEo1K","{'neg': 0.0, 'neu': 1.0, 'pos': 0.0, 'compound': 0.0}",0.0,KimKardashian,RT @Maha_Sattva: @KimKardashian I just finished painting this and really want to give this to Kanye. Please ? ‚ô•Ô∏è https://t.co/cO7lBZemkT,"{'neg': 0.0, 'neu': 0.804, 'pos': 0.196, 'compound': 0.4391}",0.4391
5,BarackObama,"RT @MichelleObama: Happy #DayoftheGirl! I‚Äôm excited to share that in December, I‚Äôll be visiting Vietnam to meet some of the inspiring girls‚Ä¶","{'neg': 0.0, 'neu': 0.612, 'pos': 0.388, 'compound': 0.8858}",0.8858,KimKardashian,RT @KKWMAFIA: Shop @skims Contour Bonded Collection now only at https://t.co/DexaxI8UAI https://t.co/K6iTnyQStL,"{'neg': 0.0, 'neu': 1.0, 'pos': 0.0, 'compound': 0.0}",0.0
6,BarackObama,"Congrats to the @WashMystics on a gutsy, first-ever championship! A great team performance when it counted. If folk‚Ä¶ https://t.co/6M93KCXeVW","{'neg': 0.0, 'neu': 0.567, 'pos': 0.433, 'compound': 0.8932}",0.8932,KimKardashian,Our strongest Solutionwear‚Ñ¢ is now available at https://t.co/Qsy51S3rtD. I‚Äôm wearing the @skims High Waisted Bonded‚Ä¶ https://t.co/DD3D6hDvbA,"{'neg': 0.0, 'neu': 0.838, 'pos': 0.162, 'compound': 0.4404}",0.4404
7,BarackObama,Here‚Äôs an interesting read‚Äîa reminder that behind every opinion lies a human being with real experiences and a stor‚Ä¶ https://t.co/r7MX8F6tsX,"{'neg': 0.13, 'neu': 0.744, 'pos': 0.126, 'compound': -0.0258}",-0.0258,KimKardashian,Yesssss üî•üî•üî• https://t.co/CC6hmzc6Rk,"{'neg': 0.0, 'neu': 1.0, 'pos': 0.0, 'compound': 0.0}",0.0
8,BarackObama,"As President, I leaned on @AmbassadorRice‚Äôs experience, expertise, and willingness to tell me what I needed to hear‚Ä¶ https://t.co/oWx2obfDF5","{'neg': 0.0, 'neu': 0.884, 'pos': 0.116, 'compound': 0.2732}",0.2732,KimKardashian,RT @BigBoy: EXCLUSIVE #Kanye interview dropping tomorrow (Friday) at 7:20am! üôåüèΩ Hear it first on @real923la. What would you ask @kanyewest?‚Ä¶,"{'neg': 0.0, 'neu': 0.888, 'pos': 0.112, 'compound': 0.3664}",0.3664
9,BarackObama,"Like the Beatles said: It‚Äôs getting better all the time. Thanks, babe, for 27 amazing years! https://t.co/mImRqIYn1R","{'neg': 0.0, 'neu': 0.512, 'pos': 0.488, 'compound': 0.908}",0.908,KimKardashian,"RT @PhotosOfKanye: The crowd screaming Kanye‚Äôs, Kim‚Äôs, and Kourtney‚Äôs names at the #JesusIsKing listening party tonight! https://t.co/8Pdmi‚Ä¶","{'neg': 0.126, 'neu': 0.728, 'pos': 0.145, 'compound': 0.1007}",0.1007
10,BarackObama,"On National Voter Registration Day, it‚Äôs up to us as citizens to make sure everyone we know can make their voices h‚Ä¶ https://t.co/rYRdykNARc","{'neg': 0.0, 'neu': 0.905, 'pos': 0.095, 'compound': 0.3182}",0.3182,KimKardashian,"RT @ThisIsNinoBlu: Just heard ‚ÄúJesus Is King‚Äù at the Forum and it was one of the most beautiful pieces of work I‚Äôve heard.
Kanye really out‚Ä¶","{'neg': 0.0, 'neu': 0.856, 'pos': 0.144, 'compound': 0.6361}",0.6361
11,BarackObama,One challenge will define the future for today‚Äôs young generation more dramatically than any other: Climate change.‚Ä¶ https://t.co/MYeQbArWwu,"{'neg': 0.0, 'neu': 0.929, 'pos': 0.071, 'compound': 0.0772}",0.0772,KimKardashian,I showed him this https://t.co/Tq6KFzrZFS,"{'neg': 0.0, 'neu': 1.0, 'pos': 0.0, 'compound': 0.0}",0.0
12,BarackObama,"Just 16, @GretaThunberg is already one of our planet‚Äôs greatest advocates. Recognizing that her generation will bea‚Ä¶ https://t.co/mrXtVgE3aN","{'neg': 0.0, 'neu': 0.802, 'pos': 0.198, 'compound': 0.6369}",0.6369,KimKardashian,RT @AsyaKardashian: #JesusIsKing vibes https://t.co/iSYkSVHgw9,"{'neg': 0.0, 'neu': 1.0, 'pos': 0.0, 'compound': 0.0}",0.0
13,BarackObama,That‚Äôs what Americans do when others are in need ‚Äì we help. We give. We inspire. Want to make a difference? There a‚Ä¶ https://t.co/2mdo9GlaLl,"{'neg': 0.0, 'neu': 0.712, 'pos': 0.288, 'compound': 0.7717}",0.7717,KimKardashian,RT @suckkit: HOLY SHIT JUST LEFT JIK AND I FUCKIN LOVE YOU @kanyewest,"{'neg': 0.225, 'neu': 0.519, 'pos': 0.256, 'compound': 0.1531}",0.1531
14,BarackObama,"Jermaine Bell is just six years old, but when he saw people in need, he took the money he‚Äôd been saving for a trip‚Ä¶ https://t.co/W4LaUUEYe6","{'neg': 0.0, 'neu': 1.0, 'pos': 0.0, 'compound': 0.0}",0.0,KimKardashian,"RT @AppleMusic: .@kanyewest sits down with @zanelowe Thursday, 9AM PT only on @Beats1. And yes, they cover everything. ü§Ø https://t.co/ENPCZ‚Ä¶","{'neg': 0.0, 'neu': 0.87, 'pos': 0.13, 'compound': 0.4019}",0.4019
15,BarackObama,Bahamian families and communities face a long recovery from Hurricane Dorian. And Americans are reaching out to hel‚Ä¶ https://t.co/9AbyqU5gcf,"{'neg': 0.0, 'neu': 0.904, 'pos': 0.096, 'compound': 0.2023}",0.2023,KimKardashian,RT @defjam: Yeezy takeover out in LA üî• #JesusIsKing https://t.co/5TtzuEaYRz,"{'neg': 0.0, 'neu': 1.0, 'pos': 0.0, 'compound': 0.0}",0.0
16,BarackObama,"As we remember those we lost on 9/11, we also remember the spirit of unity and togetherness that defined the weeks‚Ä¶ https://t.co/vVlN1ckjQg","{'neg': 0.096, 'neu': 0.833, 'pos': 0.071, 'compound': -0.1531}",-0.1531,KimKardashian,RT @justinstaple: #jesusisking https://t.co/CfO96Zp3Ri,"{'neg': 0.0, 'neu': 1.0, 'pos': 0.0, 'compound': 0.0}",0.0
17,BarackObama,"Marca had a remarkable way of bringing out the best within us. For me, she was a trusted voice and a persistent, bu‚Ä¶ https://t.co/NKXEI9izsi","{'neg': 0.0, 'neu': 0.623, 'pos': 0.377, 'compound': 0.8979}",0.8979,KimKardashian,"RT @KKWMAFIA: The @skims Contour Bonded collection smooths, compresses and lifts. Silicone grips hold everything in place, while mesh bonde‚Ä¶","{'neg': 0.0, 'neu': 1.0, 'pos': 0.0, 'compound': 0.0}",0.0
18,BarackObama,"Yesterday‚Äôs ruling is a big win for North Carolina‚Äîand for all of us. Voters should choose their representatives, n‚Ä¶ https://t.co/nQ1T3U3eBU","{'neg': 0.0, 'neu': 0.826, 'pos': 0.174, 'compound': 0.5859}",0.5859,KimKardashian,üòÇüòÇüòÇ https://t.co/1LcTzV2HWM,"{'neg': 0.0, 'neu': 1.0, 'pos': 0.0, 'compound': 0.0}",0.0
19,BarackObama,"Saw this story of a young person doing great work and wanted to share it‚Äîkeep it up, David! That‚Äôs some creative or‚Ä¶ https://t.co/LI2hQ3Tovf","{'neg': 0.0, 'neu': 0.667, 'pos': 0.333, 'compound': 0.8588}",0.8588,KimKardashian,SAME!!!!!! https://t.co/6Me9pZfLqV,"{'neg': 0.0, 'neu': 1.0, 'pos': 0.0, 'compound': 0.0}",0.0
20,BarackObama,Training is at the heart of organizing. It‚Äôs why I‚Äôve always made it a priority ‚Äì from my 2008 campaign until now.‚Ä¶ https://t.co/KMSmanB2OK,"{'neg': 0.0, 'neu': 1.0, 'pos': 0.0, 'compound': 0.0}",0.0,KimKardashian,"RT @skims: The buttery, bonded construction of the NEW Contour Bonded collection tightly contours your body for super strength smoothing an‚Ä¶","{'neg': 0.0, 'neu': 0.728, 'pos': 0.272, 'compound': 0.7964}",0.7964
21,BarackObama,"With summer winding down, here‚Äôs a sampling of what Michelle and I have been listening to ‚Äî some new, some old, som‚Ä¶ https://t.co/f41MILYSBr","{'neg': 0.0, 'neu': 1.0, 'pos': 0.0, 'compound': 0.0}",0.0,KimKardashian,"RT @skims: The High Waisted Bonded Short ($98) in Onyx, part of the exclusive Contour Bonded collection launching TOMORROW at 9AM PST / 12P‚Ä¶","{'neg': 0.0, 'neu': 0.936, 'pos': 0.064, 'compound': 0.128}",0.128
22,BarackObama,A good story gives you the chance to better understand someone else‚Äôs life. It can help you find common ground. And‚Ä¶ https://t.co/cDU3IJN1nq,"{'neg': 0.0, 'neu': 0.618, 'pos': 0.382, 'compound': 0.8591}",0.8591,KimKardashian,RT @IMAX: For one weekend only in theatres. Limited tickets still available. #JesusIsKing https://t.co/uU1aUNnOcX https://t.co/QGdDcNo3VO,"{'neg': 0.119, 'neu': 0.881, 'pos': 0.0, 'compound': -0.2263}",-0.2263
23,BarackObama,"Toni Morrison was a national treasure, as good a storyteller, as captivating, in person as she was on the page. Her‚Ä¶ https://t.co/859oLQ94Ta","{'neg': 0.0, 'neu': 0.779, 'pos': 0.221, 'compound': 0.6249}",0.6249,KimKardashian,"RT @defjam: JESUS IS KING 
2 Days away üôèüèæ

https://t.co/JCd1BKSnck https://t.co/zKwrheNT5d","{'neg': 0.0, 'neu': 1.0, 'pos': 0.0, 'compound': 0.0}",0.0
24,BarackObama,"Until all of us stand up and insist on holding public officials accountable for changing our gun laws, these traged‚Ä¶ https://t.co/QO6QOjix7M","{'neg': 0.107, 'neu': 0.893, 'pos': 0.0, 'compound': -0.34}",-0.34,KimKardashian,RT @thejakekardash: Super cool birthday sketch for Kim by @/deepak__CR7 üî• https://t.co/1437JPXXMq,"{'neg': 0.0, 'neu': 0.592, 'pos': 0.408, 'compound': 0.7351}",0.7351
25,BarackObama,https://t.co/nNOVtQ50O4,"{'neg': 0.0, 'neu': 1.0, 'pos': 0.0, 'compound': 0.0}",0.0,KimKardashian,Hahaha yesss!!! https://t.co/BbhKCUPdn6,"{'neg': 0.0, 'neu': 0.309, 'pos': 0.691, 'compound': 0.6679}",0.6679
26,BarackObama,"The families of our wounded warriors don't often get a lot of fanfare, but they're serving and sacrificing right al‚Ä¶ https://t.co/dNQIaG7WAA","{'neg': 0.0, 'neu': 1.0, 'pos': 0.0, 'compound': 0.0}",0.0,KimKardashian,"RT @KKWLITE: Happy Birthday @KimKardashian thank u for making me feel empowered, ur such a genuine, down to earth person and i‚Äôm proud to c‚Ä¶","{'neg': 0.0, 'neu': 0.683, 'pos': 0.317, 'compound': 0.8519}",0.8519
27,BarackObama,Recent court decisions make it clear that the change we need to restore our democracy has to come from the ground u‚Ä¶ https://t.co/iAsd5KCAdM,"{'neg': 0.0, 'neu': 0.814, 'pos': 0.186, 'compound': 0.5859}",0.5859,KimKardashian,Our strongest Solutionwear‚Ñ¢ is coming soon!! The @skims Contour Bonded collection offers the highest level of suppo‚Ä¶ https://t.co/QgtcxrY6uP,"{'neg': 0.0, 'neu': 0.83, 'pos': 0.17, 'compound': 0.5399}",0.5399
28,BarackObama,"Here‚Äôs a worthwhile Sunday read: ‚Äú‚Ä¶nothing should temper partisanship more than an awareness that somewhere, on som‚Ä¶ https://t.co/XSbZhrhvcT","{'neg': 0.139, 'neu': 0.743, 'pos': 0.119, 'compound': -0.1027}",-0.1027,KimKardashian,I got amazing gifts from my whole family and Kanye for me the most amazing bags. But he also donated $1 million to‚Ä¶ https://t.co/aBZREvzqSN,"{'neg': 0.0, 'neu': 0.734, 'pos': 0.266, 'compound': 0.8225}",0.8225
29,BarackObama,"I‚Äôve always been proud of what this team accomplished during my administration. But more than what we did, I‚Äôm prou‚Ä¶ https://t.co/b7pswCxgE1","{'neg': 0.0, 'neu': 0.76, 'pos': 0.24, 'compound': 0.7184}",0.7184,KimKardashian,My favorite Armenian restaurant Carousel came and catered and then was surprised with a beignet truck and churro st‚Ä¶ https://t.co/8sn5D890sC,"{'neg': 0.0, 'neu': 0.776, 'pos': 0.224, 'compound': 0.5994}",0.5994
30,BarackObama,"RT @ObamaFoundation: Leaders: Africa may have ended, but 200 inspiring #ObamaLeaders returned to their homes with the new connections and f‚Ä¶","{'neg': 0.0, 'neu': 0.844, 'pos': 0.156, 'compound': 0.5719}",0.5719,KimKardashian,Thank you so much for all of the birthday love! I had the best most relaxing birthday ever! Spent the weekend w my‚Ä¶ https://t.co/2QL8LQAFm3,"{'neg': 0.0, 'neu': 0.546, 'pos': 0.454, 'compound': 0.943}",0.943
31,BarackObama,Economist Raj Chetty is not only identifying the decline in opportunity we‚Äôve seen in recent decades‚Äîbut trying to‚Ä¶ https://t.co/aVvBp3i2Ey,"{'neg': 0.0, 'neu': 0.865, 'pos': 0.135, 'compound': 0.4215}",0.4215,KimKardashian,RT @NoemyeWest: HAPPY BIRTHDAY TO THE GOAT ‚ùóÔ∏è THE QUEEN ‚ùóÔ∏è THE BLUEPRINT ‚ùóÔ∏è @KimKardashian https://t.co/xhqaLt2twa,"{'neg': 0.0, 'neu': 0.772, 'pos': 0.228, 'compound': 0.6633}",0.6633
32,BarackObama,Here are a couple of articles backed by new research that are worth taking a look at: A new study on the Medicaid e‚Ä¶ https://t.co/ZxoqspJKRA,"{'neg': 0.0, 'neu': 0.87, 'pos': 0.13, 'compound': 0.25}",0.25,KimKardashian,She looks soooo good!!! https://t.co/LYyuYsXPxC,"{'neg': 0.0, 'neu': 0.514, 'pos': 0.486, 'compound': 0.5826}",0.5826
33,BarackObama,"In America, we don‚Äôt fear the future, we embrace it. 50 years ago, that spirit took us to the moon. Today, it‚Äôs emb‚Ä¶ https://t.co/dWqbdzNq83","{'neg': 0.113, 'neu': 0.745, 'pos': 0.142, 'compound': -0.0516}",-0.0516,KimKardashian,"RT @thekimyebest: Happy birthday to the goddess herself, a living, breathing angel. You inspire me everyday to be myself and pursue my drea‚Ä¶","{'neg': 0.0, 'neu': 0.73, 'pos': 0.27, 'compound': 0.8126}",0.8126
34,BarackObama,RT @MichelleObama: What truly makes our country great is its diversity. I‚Äôve seen that beauty in so many ways over the years. Whether we ar‚Ä¶,"{'neg': 0.0, 'neu': 0.671, 'pos': 0.329, 'compound': 0.8957}",0.8957,KimKardashian,Wow just WOW I love each and every one of you so much!!! https://t.co/jjNrU4TZZM,"{'neg': 0.0, 'neu': 0.427, 'pos': 0.573, 'compound': 0.9372}",0.9372
35,BarackObama,"#MandelaDay reminds us that when things feel dark, confusing, or impossible‚Äîtake a look back at his writings. There‚Ä¶ https://t.co/dQ4IzuzBNQ","{'neg': 0.101, 'neu': 0.899, 'pos': 0.0, 'compound': -0.2263}",-0.2263,KimKardashian,RT @narcicismo: Mario scaring Kim with a spider is the best thing you‚Äôll see today. üòÇ https://t.co/7Pj51Xmw3L,"{'neg': 0.144, 'neu': 0.647, 'pos': 0.209, 'compound': 0.3182}",0.3182
36,BarackObama,I have a good feeling about these Chicago @UrbanAlliance interns. Thanks for letting me spend yesterday afternoon w‚Ä¶ https://t.co/FF40nHbs63,"{'neg': 0.0, 'neu': 0.657, 'pos': 0.343, 'compound': 0.743}",0.743,KimKardashian,‚ô•Ô∏è https://t.co/EFpOak3MT9,"{'neg': 0.0, 'neu': 1.0, 'pos': 0.0, 'compound': 0.0}",0.0
37,BarackObama,"The @ObamaFoundation is helping a new generation of leaders make their mark, and there‚Äôs an extraordinary group gat‚Ä¶ https://t.co/azU3MXDYlN","{'neg': 0.0, 'neu': 0.885, 'pos': 0.115, 'compound': 0.296}",0.296,KimKardashian,Love you so much mom!!! https://t.co/UpJJBR6r3k,"{'neg': 0.0, 'neu': 0.496, 'pos': 0.504, 'compound': 0.7249}",0.7249
38,BarackObama,Proud to rep America‚Äôs best team! Congrats @USWNT and thanks for being such a strong inspiration for women and girl‚Ä¶ https://t.co/L8OY8yP0Mi,"{'neg': 0.0, 'neu': 0.405, 'pos': 0.595, 'compound': 0.9665}",0.9665,KimKardashian,Love you Alice!! https://t.co/4A1H0maM9Q,"{'neg': 0.0, 'neu': 0.385, 'pos': 0.615, 'compound': 0.6988}",0.6988
39,BarackObama,"Yes! Fourth star. Back to back. Congrats to the record breakers on the @USWNT, an incredible team that‚Äôs always pus‚Ä¶ https://t.co/2wYRZDpcaO","{'neg': 0.0, 'neu': 0.748, 'pos': 0.252, 'compound': 0.75}",0.75,KimKardashian,RT @narcicismo: there‚Äôs no words that describe how much I admire and love this woman. the most down to Earth person I‚Äôve ever had the chanc‚Ä¶,"{'neg': 0.07, 'neu': 0.698, 'pos': 0.232, 'compound': 0.7269}",0.7269
40,BarackObama,"RT @MichelleObama: Good luck to the @USWNT! You all are some of the most fearless, powerful, awe-inspiring athletes I‚Äôve ever seen‚Äîand toge‚Ä¶","{'neg': 0.0, 'neu': 0.591, 'pos': 0.409, 'compound': 0.9093}",0.9093,KimKardashian,Aww I love this thank you so much!!!! https://t.co/jjNrU4TZZM,"{'neg': 0.0, 'neu': 0.421, 'pos': 0.579, 'compound': 0.8498}",0.8498
41,BarackObama,"Happy Fourth of July, everybody! This is always a great day in the Obama family: a chance to celebrate America‚Äîand‚Ä¶ https://t.co/xLyTsgcyjO","{'neg': 0.0, 'neu': 0.521, 'pos': 0.479, 'compound': 0.9299}",0.9299,KimKardashian,RT @kkwbeauty: Happy Birthday to our Founder and CEO @KimKardashian! Celebrate with 39% off Kim‚Äôs beauty must-haves. Ends tonight at 11:59P‚Ä¶,"{'neg': 0.0, 'neu': 0.61, 'pos': 0.39, 'compound': 0.9098}",0.9098
42,BarackObama,"I‚Äôm admittedly biased, but this article gibes with my experience about what all of us might take away from the ‚Äúalo‚Ä¶ https://t.co/euYQ9XepeG","{'neg': 0.069, 'neu': 0.931, 'pos': 0.0, 'compound': -0.1406}",-0.1406,KimKardashian,Celebrate my 39th Birthday with 39% off my @kkwbeauty must-haves! Ends tonight at 11:59PM PST at‚Ä¶ https://t.co/B133cuUyRm,"{'neg': 0.0, 'neu': 0.8, 'pos': 0.2, 'compound': 0.6114}",0.6114
43,BarackObama,Congrats to the USWNT! A great performance from a great team‚Äîlooking forward to Sunday. #OneNationOneTeam,"{'neg': 0.0, 'neu': 0.457, 'pos': 0.543, 'compound': 0.9168}",0.9168,KimKardashian,"TODAY ONLY: To celebrate my 39th Birthday, all of my essential @skims Underwire Bras are $39! Ends tonight at 11:59‚Ä¶ https://t.co/M2HMtW2lco","{'neg': 0.0, 'neu': 0.834, 'pos': 0.166, 'compound': 0.6114}",0.6114
44,BarackObama,No one changes the world alone. That‚Äôs why the @ObamaFoundation is connecting emerging leaders from South Africa to‚Ä¶ https://t.co/nG2Rp9OjIw,"{'neg': 0.198, 'neu': 0.802, 'pos': 0.0, 'compound': -0.4939}",-0.4939,KimKardashian,"RT @mycoolnewshoes: Happy birthday to @KimKardashian 

some of my fav pics btw https://t.co/wYNLpoOH4T","{'neg': 0.0, 'neu': 0.621, 'pos': 0.379, 'compound': 0.7717}",0.7717
45,BarackObama,The most important job in our democracy is citizen. If you‚Äôre tired of politicians manipulating maps and ignoring t‚Ä¶ https://t.co/FM4pOBftrt,"{'neg': 0.309, 'neu': 0.611, 'pos': 0.08, 'compound': -0.719}",-0.719,KimKardashian,"RT @kkwstyle2017: Happy Birthday to an ICON, a legend, mom, wife, daughter, sister, bff, beauty &amp; fashion mogul!! May your special day be f‚Ä¶","{'neg': 0.0, 'neu': 0.564, 'pos': 0.436, 'compound': 0.9401}",0.9401
46,BarackObama,"50 years ago, history was written at the Stonewall Inn when New York's LGBT community stood up, spoke out, and star‚Ä¶ https://t.co/N6TIkkQHEI","{'neg': 0.0, 'neu': 1.0, 'pos': 0.0, 'compound': 0.0}",0.0,KimKardashian,Love you!!!! https://t.co/colWXUMdWp,"{'neg': 0.0, 'neu': 0.271, 'pos': 0.729, 'compound': 0.7482}",0.7482
47,BarackObama,What a gift to come across this interview with Julia ‚ÄúHurricane‚Äù Hawkins. I‚Äôm as grateful for her life advice as I‚Ä¶ https://t.co/zN8buKkYqL,"{'neg': 0.0, 'neu': 0.763, 'pos': 0.237, 'compound': 0.7096}",0.7096,KimKardashian,"RT @KKWMAFIA: Happy Birthday, @KimKardashian. Thank you for being an inspiration to so many people around the world. Your selflessness is o‚Ä¶","{'neg': 0.0, 'neu': 0.664, 'pos': 0.336, 'compound': 0.8625}",0.8625
48,BarackObama,"Now we‚Äôre talking! Congrats to Team USA for moving on, and thanks for continuing to make us all proud. #USA https://t.co/DVkKBfU6wA","{'neg': 0.0, 'neu': 0.65, 'pos': 0.35, 'compound': 0.8655}",0.8655,KimKardashian,"RT @AsyaKardashian: Happy Birthday , Kimberly ! 

I wish you eternal youth, original ideas, big success in everything you do. Thank you for‚Ä¶","{'neg': 0.0, 'neu': 0.497, 'pos': 0.503, 'compound': 0.9348}",0.9348
49,BarackObama,"On Juneteenth, we celebrate our capacity to make real the promise of our founding, that thing inside each of us tha‚Ä¶ https://t.co/bYmILjSq9H","{'neg': 0.0, 'neu': 0.769, 'pos': 0.231, 'compound': 0.7184}",0.7184,KimKardashian,"RT @kanyewest: ‚ÄúJESUS IS KING‚Äù
    OCT 25th https://t.co/Ug4ghlQYk7","{'neg': 0.0, 'neu': 1.0, 'pos': 0.0, 'compound': 0.0}",0.0
50,BarackObama,"Outside the Oval Office, I kept a painting of a small crowd huddled around a pocketwatch, waiting for the moment th‚Ä¶ https://t.co/m8dljaM5Zk","{'neg': 0.0, 'neu': 1.0, 'pos': 0.0, 'compound': 0.0}",0.0,KimKardashian,RT @Trendmood: Birthday Day #Sale!üö®Happening NOW! Online @kkwbeauty üí∏ To celebrate @kimkardashian‚Äôs 39th bday Take 39% off her must haves!!‚Ä¶,"{'neg': 0.0, 'neu': 0.787, 'pos': 0.213, 'compound': 0.7067}",0.7067
51,BarackObama,This is worth a read: a thought-provoking reminder that education reform isn‚Äôt a cure-all. As a supporter of educat‚Ä¶ https://t.co/sP7Q1oJSl5,"{'neg': 0.0, 'neu': 0.778, 'pos': 0.222, 'compound': 0.4588}",0.4588,KimKardashian,Celebrate my 39th birthday with 39% off @kkwfragrance sitewide at https://t.co/tbQezJs782! Exclusions apply. Ends t‚Ä¶ https://t.co/19QzyA5G9a,"{'neg': 0.0, 'neu': 0.79, 'pos': 0.21, 'compound': 0.6114}",0.6114
52,BarackObama,"Yes we can, Greta. I‚Äôm hopeful because of you and all the young people who are fighting to protect the planet. Keep‚Ä¶ https://t.co/trOVzMi4Nr","{'neg': 0.083, 'neu': 0.631, 'pos': 0.286, 'compound': 0.7269}",0.7269,KimKardashian,Celebrate my 39th Birthday with 39% off my @kkwbeauty must-haves! Ends tonight at 11:59PM PST at‚Ä¶ https://t.co/TmGdb4PJUy,"{'neg': 0.0, 'neu': 0.8, 'pos': 0.2, 'compound': 0.6114}",0.6114
53,BarackObama,"Happy Father‚Äôs Day to Charles, one of our @ObamaFoundation Fellows, and all the dads at Fathers‚Äô Uplift. Today, we‚Äô‚Ä¶ https://t.co/l5IrsoIuop","{'neg': 0.0, 'neu': 0.837, 'pos': 0.163, 'compound': 0.5719}",0.5719,KimKardashian,"TODAY ONLY: To celebrate my 39th Birthday, all of my essential @skims Underwire Bras are $39! Ends tonight at 11:59‚Ä¶ https://t.co/MGGdHFxQHa","{'neg': 0.0, 'neu': 0.834, 'pos': 0.166, 'compound': 0.6114}",0.6114
54,BarackObama,RT @ObamaFoundation: These young people want to take action and make a change. Through the #CommunityLeadership Corps in Chicago and Hartfo‚Ä¶,"{'neg': 0.0, 'neu': 0.936, 'pos': 0.064, 'compound': 0.0772}",0.0772,KimKardashian,awww I love this!!! https://t.co/HLemF5dvDC,"{'neg': 0.0, 'neu': 0.371, 'pos': 0.629, 'compound': 0.7249}",0.7249
55,BarackObama,The @USWNT is something to smile about. It was great to celebrate with them back in 2015 and I'm excited to root th‚Ä¶ https://t.co/WMEvpsFGin,"{'neg': 0.0, 'neu': 0.612, 'pos': 0.388, 'compound': 0.9136}",0.9136,KimKardashian,thank you so much!!! https://t.co/gyyrdAQyOq,"{'neg': 0.0, 'neu': 0.542, 'pos': 0.458, 'compound': 0.5229}",0.5229
56,BarackObama,"Six years ago, David Ortiz's spirit and resolve helped us all begin to heal from the Boston Marathon bombing. Today‚Ä¶ https://t.co/u3QgBv80aK","{'neg': 0.0, 'neu': 0.815, 'pos': 0.185, 'compound': 0.5106}",0.5106,KimKardashian,RT @PhotosOfKanye: Kim telling Saint the story of when her and Kanye got engagedü•∫‚ô•Ô∏è #KUWTK https://t.co/Z2whfBK36B,"{'neg': 0.0, 'neu': 1.0, 'pos': 0.0, 'compound': 0.0}",0.0
57,BarackObama,"Last week, it was Virginia Beach. But day after day and year after year, too many families and communities are shat‚Ä¶ https://t.co/oscI8f9xFv","{'neg': 0.0, 'neu': 1.0, 'pos': 0.0, 'compound': 0.0}",0.0,KimKardashian,‚ô•Ô∏è https://t.co/pwtJWLpiiI,"{'neg': 0.0, 'neu': 1.0, 'pos': 0.0, 'compound': 0.0}",0.0
58,BarackObama,"RT @ObamaFoundation: Courage is contagious. Watch some of the courageous students who won our first-ever Civic Action Recognition Awards, h‚Ä¶","{'neg': 0.078, 'neu': 0.489, 'pos': 0.433, 'compound': 0.8979}",0.8979,KimKardashian,RT @badtoyoubabe: @KimKardashian The engagement was so girgeous. One of my favourite episodes ever. Kanye is do thoughtful,"{'neg': 0.0, 'neu': 0.741, 'pos': 0.259, 'compound': 0.6808}",0.6808
59,BarackObama,"You've got a lot to be proud of, Jiwandeep. Thanks for everything you do to make this country a little more equal.‚Ä¶ https://t.co/qw8I8io4pc","{'neg': 0.0, 'neu': 0.76, 'pos': 0.24, 'compound': 0.7184}",0.7184,KimKardashian,RT @badtoyoubabe: @KimKardashian I love the fact u and Kanye gave such a public - private life balance. I feel like it‚Äôs made you whole rel‚Ä¶,"{'neg': 0.0, 'neu': 0.739, 'pos': 0.261, 'compound': 0.7717}",0.7717
60,BarackObama,What a life. American history has always been driven by visionaries like Leah Chase‚Äîand all the men and women who w‚Ä¶ https://t.co/XHnhWiluN2,"{'neg': 0.0, 'neu': 0.889, 'pos': 0.111, 'compound': 0.3612}",0.3612,KimKardashian,RT @HollywoodLife: .@KimKardashian and Kanye West celebrated their five-year wedding anniversary with the sweetest vow renewal ceremony on‚Ä¶,"{'neg': 0.0, 'neu': 0.821, 'pos': 0.179, 'compound': 0.5719}",0.5719
61,BarackObama,"A story worth sharing: Twelve years ago, Brian joined my first presidential campaign. Two years ago, he was diagnos‚Ä¶ https://t.co/2uf6ozOukh","{'neg': 0.0, 'neu': 0.783, 'pos': 0.217, 'compound': 0.5719}",0.5719,KimKardashian,RT @PRGstyle: Omg I just cried @KUWTK Kim &amp; Kanye renewing their vows was so cute! üíúü•∫ @KimKardashian,"{'neg': 0.119, 'neu': 0.689, 'pos': 0.191, 'compound': 0.3733}",0.3733
62,BarackObama,Exciting to see the faces of Colombia's future at an @ObamaFoundation roundtable with young leaders in Bogot√°. Thei‚Ä¶ https://t.co/FniC2X3hM4,"{'neg': 0.0, 'neu': 0.849, 'pos': 0.151, 'compound': 0.4939}",0.4939,KimKardashian,‚ô•Ô∏èüò¢ https://t.co/lmazdJuoRm,"{'neg': 0.0, 'neu': 1.0, 'pos': 0.0, 'compound': 0.0}",0.0
63,BarackObama,"On Memorial Day, we remember all those who gave everything for something greater than themselves. It's up to us to‚Ä¶ https://t.co/4m5HbHFzcb","{'neg': 0.0, 'neu': 0.889, 'pos': 0.111, 'compound': 0.3612}",0.3612,KimKardashian,RT @itsKELSEYtho: Kim telling her kids about her and their dads engagement. I‚Äôm not crying you are! #KUWTK,"{'neg': 0.0, 'neu': 0.732, 'pos': 0.268, 'compound': 0.7046}",0.7046
64,BarackObama,Great to get out there and take a few cuts at the plate yesterday‚ÄîI had a blast with all these extraordinary young‚Ä¶ https://t.co/TQ7O6BVMSJ,"{'neg': 0.087, 'neu': 0.751, 'pos': 0.162, 'compound': 0.4404}",0.4404,KimKardashian,RT @rodashian: 5 whole years of KimYe. It went by so fast!! I guess time does flies when you find your soulmate! #KUWTK,"{'neg': 0.0, 'neu': 0.807, 'pos': 0.193, 'compound': 0.6981}",0.6981
65,BarackObama,"RT @ObamaFoundation: Congratulations on the inauguration of @ChicagosMayor Lori Lightfoot, Treasurer Melissa Conyears-Ervin, @ChiCityClerk‚Ä¶","{'neg': 0.0, 'neu': 0.69, 'pos': 0.31, 'compound': 0.6597}",0.6597,KimKardashian,‚ô•Ô∏è https://t.co/nBZdkzLaQ8,"{'neg': 0.0, 'neu': 1.0, 'pos': 0.0, 'compound': 0.0}",0.0
66,BarackObama,"Here‚Äôs a great story: While we‚Äôve still got a lot of work to do to make college affordable for everyone, that didn‚Äô‚Ä¶ https://t.co/eW9usqYzu1","{'neg': 0.0, 'neu': 0.83, 'pos': 0.17, 'compound': 0.6249}",0.6249,KimKardashian,Trips are the best memories! ‚ô•Ô∏è https://t.co/RzQW1TjwVX,"{'neg': 0.0, 'neu': 0.572, 'pos': 0.428, 'compound': 0.6696}",0.6696
67,BarackObama,"Happy Mother's Day to the most caring, brilliant, funny, and grounded woman I know‚Äîa perfect role model not just fo‚Ä¶ https://t.co/Tpro3oBzyC","{'neg': 0.0, 'neu': 0.453, 'pos': 0.547, 'compound': 0.9592}",0.9592,KimKardashian,‚ô•Ô∏è‚ô•Ô∏è‚ô•Ô∏è https://t.co/ETCNDdzktO,"{'neg': 0.0, 'neu': 1.0, 'pos': 0.0, 'compound': 0.0}",0.0
68,BarackObama,"As part of the @ObamaFoundation, moms like Dr. Mwansa Ketty Lubeya are answering the call for change‚Äîand raising th‚Ä¶ https://t.co/Za7hYarUQW","{'neg': 0.0, 'neu': 0.884, 'pos': 0.116, 'compound': 0.3612}",0.3612,KimKardashian,RT @KUWTK: Kourt's about to grace that pool with her presence üòÇ #KUWTK https://t.co/5TIWY9vJxt,"{'neg': 0.0, 'neu': 0.811, 'pos': 0.189, 'compound': 0.4215}",0.4215
69,BarackObama,"RT @MichelleObama: Congratulations, Meghan and Harry! Barack and I are so thrilled for both of you and can't wait to meet him. #RoyalBaby h‚Ä¶","{'neg': 0.0, 'neu': 0.726, 'pos': 0.274, 'compound': 0.8374}",0.8374,KimKardashian,Should I screen grab the group chat?! She went off on us. We are driving home from Palm Springs so can‚Äôt watch it https://t.co/gVImPGmo07,"{'neg': 0.0, 'neu': 1.0, 'pos': 0.0, 'compound': 0.0}",0.0
70,BarackObama,"Happy #CollegeSigningDay, everybody! I'm proud of every student out there who's taking the next step in their educa‚Ä¶ https://t.co/djtqPri6U5","{'neg': 0.0, 'neu': 0.706, 'pos': 0.294, 'compound': 0.7959}",0.7959,KimKardashian,‚ô•Ô∏è‚ô•Ô∏è‚ô•Ô∏è https://t.co/x50BpCQtmh,"{'neg': 0.0, 'neu': 1.0, 'pos': 0.0, 'compound': 0.0}",0.0
71,BarackObama,"Condolences to the family of John Singleton. His seminal work, Boyz n the Hood, remains one of the most searing, lo‚Ä¶ https://t.co/KP8bValVK7","{'neg': 0.0, 'neu': 1.0, 'pos': 0.0, 'compound': 0.0}",0.0,KimKardashian,Perfection! All of my elementary school friends took time out of their busy schedules away from their kids to chill‚Ä¶ https://t.co/TS5dDCSw9r,"{'neg': 0.0, 'neu': 0.728, 'pos': 0.272, 'compound': 0.7959}",0.7959
72,BarackObama,Congratulations to the new class of @ObamaFoundation Fellows! Their work in every region of the globe is already ma‚Ä¶ https://t.co/qB2Qxp8bB9,"{'neg': 0.0, 'neu': 0.819, 'pos': 0.181, 'compound': 0.636}",0.636,KimKardashian,I love Turks &amp; Caicos!!! I‚Äôm so sad I missed this trip! I was on maternity leave and couldn‚Äôt leave my baby,"{'neg': 0.355, 'neu': 0.496, 'pos': 0.149, 'compound': -0.591}",-0.591
73,BarackObama,"For thirty-six years, Richard Lugar proved that pragmatism and decency work‚Äînot only in Washington but all over the‚Ä¶ https://t.co/fbLSYFY3A6","{'neg': 0.0, 'neu': 1.0, 'pos': 0.0, 'compound': 0.0}",0.0,KimKardashian,RT @khloekardashian: I love that my mom is crying when she sees all of her grandkids on the Ellen Show when she probably saw them that morn‚Ä¶,"{'neg': 0.099, 'neu': 0.767, 'pos': 0.134, 'compound': 0.2732}",0.2732
74,BarackObama,Dominique‚Äôs story is a reminder to us that where you‚Äôre from shouldn‚Äôt define what you can achieve. I‚Äôm proud of he‚Ä¶ https://t.co/4w6Q5E3tA8,"{'neg': 0.0, 'neu': 0.866, 'pos': 0.134, 'compound': 0.4767}",0.4767,KimKardashian,I loved this shoot! https://t.co/NJdCkvdCDs,"{'neg': 0.279, 'neu': 0.233, 'pos': 0.488, 'compound': 0.4199}",0.4199
75,BarackObama,"This generation of climate activists is tired of inaction, and they've caught the attention of leaders all over the‚Ä¶ https://t.co/i8AM4miXL4","{'neg': 0.214, 'neu': 0.786, 'pos': 0.0, 'compound': -0.5994}",-0.5994,KimKardashian,RT @KKWFORMATION: Catch a BRAND NEW Season 17 episode of #KUWTK NOW on E! Entertainment! https://t.co/M3V83CpJ1N,"{'neg': 0.0, 'neu': 0.805, 'pos': 0.195, 'compound': 0.5242}",0.5242
76,BarackObama,"And in the U.S., 13-year old @AlexandriaV2005 of New York, 13-year old @havenruthie of Denver, and 16-year old‚Ä¶ https://t.co/aS6adg4Kh7","{'neg': 0.0, 'neu': 1.0, 'pos': 0.0, 'compound': 0.0}",0.0,KimKardashian,Who‚Äôs watching Keeping Up With The Kardashians? #KUWTK,"{'neg': 0.0, 'neu': 1.0, 'pos': 0.0, 'compound': 0.0}",0.0
77,BarackObama,"I met 23-year-old @luisamneubauer in Berlin earlier this month. Luisa, the organizer behind the student movement in‚Ä¶ https://t.co/GCaEtCcCkI","{'neg': 0.0, 'neu': 1.0, 'pos': 0.0, 'compound': 0.0}",0.0,KimKardashian,"RT @rodashian: Got some goodies at ULTA today! And I‚Äôm not done ! 
@kkwbeauty 

#KKWXULTABEAUTY https://t.co/LIYwRPNPjQ","{'neg': 0.0, 'neu': 1.0, 'pos': 0.0, 'compound': 0.0}",0.0
78,BarackObama,"They're people like 16-year-old @GretaThunberg, whose protests at Swedish parliament sparked a movement. Inspired b‚Ä¶ https://t.co/vJjEgoUetO","{'neg': 0.097, 'neu': 0.612, 'pos': 0.291, 'compound': 0.5859}",0.5859,KimKardashian,"RT @ZACHARYSPENCER_: I picked up these beauties today. No lie, the KKW BEAUTY formula is everything. I am so excited everything is now easi‚Ä¶","{'neg': 0.07, 'neu': 0.576, 'pos': 0.354, 'compound': 0.8705}",0.8705
79,BarackObama,Young people all over the world are leading the way in the fight to protect our planet because they know their futu‚Ä¶ https://t.co/D1XZ9f8Zck,"{'neg': 0.099, 'neu': 0.802, 'pos': 0.099, 'compound': 0.0}",0.0,KimKardashian,RT @NoemyeWest: KKW Beauty is now at Ulta! I‚Äôm so proud to be a Kim Kardashian stan today! I love you! @KimKardashian @kkwbeauty üíò https://‚Ä¶,"{'neg': 0.0, 'neu': 0.596, 'pos': 0.404, 'compound': 0.9309}",0.9309
80,BarackObama,"To all who celebrate today, happy Easter from our family to yours! On this day of rebirth and renewal, let‚Äôs recomm‚Ä¶ https://t.co/Xw82Y9kbPr","{'neg': 0.0, 'neu': 0.722, 'pos': 0.278, 'compound': 0.8268}",0.8268,KimKardashian,Last day to shop my @kkwbeauty #KKWXWINNIE Collection for 20% off at https://t.co/aIjp1MBlpZ!! What are you getting‚Ä¶ https://t.co/7VhqkLbbaj,"{'neg': 0.0, 'neu': 1.0, 'pos': 0.0, 'compound': 0.0}",0.0
81,BarackObama,"The attacks on tourists and Easter worshippers in Sri Lanka are an attack on humanity. On a day devoted to love, re‚Ä¶ https://t.co/pVpa7j9GKm","{'neg': 0.189, 'neu': 0.536, 'pos': 0.274, 'compound': 0.4019}",0.4019,KimKardashian,Shop my @kkwbeauty #KKWXWINNIE Collection for 20% off!! Ends TONIGHT at 11:59pm pst at https://t.co/aIjp1MBlpZ https://t.co/oUhIxu17yo,"{'neg': 0.0, 'neu': 1.0, 'pos': 0.0, 'compound': 0.0}",0.0
82,BarackObama,"Notre Dame is one of the world‚Äôs great treasures, and we‚Äôre thinking of the people of France in your time of grief.‚Ä¶ https://t.co/aXv1azpmof","{'neg': 0.0, 'neu': 0.753, 'pos': 0.247, 'compound': 0.7845}",0.7845,KimKardashian,"RT @ultabeauty: @kkwbeauty is available NOW üß° And it's‚Äîwell‚ÄîSooo Fire üî• Shop a selection of palettes, lipsticks and glosses galore in ALL s‚Ä¶","{'neg': 0.112, 'neu': 0.888, 'pos': 0.0, 'compound': -0.34}",-0.34
83,BarackObama,"Congratulations, Tiger! To come back and win the Masters after all the highs and lows is a testament to excellence, grit, and determination.","{'neg': 0.054, 'neu': 0.506, 'pos': 0.44, 'compound': 0.9324}",0.9324,KimKardashian,RT @Trendmood: The #DISPLAY Available Now! üö®LINK ‚û°Ô∏è https://t.co/vnGGqsgGvj online @ultabeauty üôåüèºüíóüòç @kkwbeauty Online &amp; in stores üíÑüì∏@nicole‚Ä¶,"{'neg': 0.0, 'neu': 1.0, 'pos': 0.0, 'compound': 0.0}",0.0
84,BarackObama,"Another good story worth sharing: From one ""kid from Akron"" to a new generation of Akron kids, some remarkable earl‚Ä¶ https://t.co/QH4JkJjqf5","{'neg': 0.0, 'neu': 0.588, 'pos': 0.412, 'compound': 0.8807}",0.8807,KimKardashian,RT @kkwbeauty: We‚Äôre officially at all @ultabeauty stores today! Check your local store times and head over ‚ú® Post your pics with our displ‚Ä¶,"{'neg': 0.0, 'neu': 1.0, 'pos': 0.0, 'compound': 0.0}",0.0
85,BarackObama,"From a big NBA fan, congrats to future Hall of Famers Dwyane Wade and Dirk Nowitzki‚Äînot just all-time greats but class acts, too.","{'neg': 0.0, 'neu': 0.839, 'pos': 0.161, 'compound': 0.431}",0.431,KimKardashian,Today is the day!!! I‚Äôm so excited that @kkwbeauty is now available at all @ultabeauty stores! This is such a dream‚Ä¶ https://t.co/9uKpSoAXGZ,"{'neg': 0.0, 'neu': 0.824, 'pos': 0.176, 'compound': 0.6468}",0.6468
86,BarackObama,"In just a few minutes, I‚Äôm taking the stage at the @ObamaFoundation Town Hall Europe for a conversation about how t‚Ä¶ https://t.co/N3FBPQfn47","{'neg': 0.0, 'neu': 1.0, 'pos': 0.0, 'compound': 0.0}",0.0,KimKardashian,I bought these when I was trying to find the perfect all Leopard Alaia look.            https://t.co/1VF6XpjNDa https://t.co/EGdEY72xwp,"{'neg': 0.0, 'neu': 0.791, 'pos': 0.209, 'compound': 0.5719}",0.5719
87,BarackObama,A voice everybody should hear. https://t.co/0u7HUlQ8id,"{'neg': 0.0, 'neu': 1.0, 'pos': 0.0, 'compound': 0.0}",0.0,KimKardashian,"Thierry Mugler looks!!!

https://t.co/k2Stjhv5da https://t.co/8bVDK2H8nE","{'neg': 0.0, 'neu': 1.0, 'pos': 0.0, 'compound': 0.0}",0.0
88,BarackObama,Here‚Äôs a story about people doing good that's worth sharing: @BradPaisley and his wife @Kimwilliamspais saw food in‚Ä¶ https://t.co/kMBFR3xzAA,"{'neg': 0.0, 'neu': 0.664, 'pos': 0.336, 'compound': 0.765}",0.765,KimKardashian,Remember this iconic Celine bag?? https://t.co/EQ0iQkaDns https://t.co/Z8tfKysraW,"{'neg': 0.0, 'neu': 1.0, 'pos': 0.0, 'compound': 0.0}",0.0
89,BarackObama,"Great to see Chicago‚Äôs historic mayoral race between two highly qualified candidates. Congrats to our next mayor, L‚Ä¶ https://t.co/MGW1qYdXeM","{'neg': 0.0, 'neu': 0.686, 'pos': 0.314, 'compound': 0.83}",0.83,KimKardashian,I was obsessed with this green Chanel bag! https://t.co/TcaDYxwwTJ https://t.co/JxaH7TqyKp,"{'neg': 0.199, 'neu': 0.801, 'pos': 0.0, 'compound': -0.2481}",-0.2481
90,BarackObama,Valerie is one of my oldest friends and advisors ‚Äì she was by my side when I first decided to run for office and fo‚Ä¶ https://t.co/VQKw3mhOPy,"{'neg': 0.0, 'neu': 0.881, 'pos': 0.119, 'compound': 0.4767}",0.4767,KimKardashian,I am selling 4 Herm√®s Birkins https://t.co/efl9hQUNG9 https://t.co/W9zu8MyHMg,"{'neg': 0.0, 'neu': 1.0, 'pos': 0.0, 'compound': 0.0}",0.0
91,BarackObama,"Last night I had the chance to meet with first-term Democrats in Congress‚Äîit's a young, diverse class, stocked with‚Ä¶ https://t.co/BIiEeE5aSS","{'neg': 0.0, 'neu': 0.895, 'pos': 0.105, 'compound': 0.25}",0.25,KimKardashian,https://t.co/j1bjO0YKx9 https://t.co/OQuyGXnWYc,"{'neg': 0.0, 'neu': 1.0, 'pos': 0.0, 'compound': 0.0}",0.0
92,BarackObama,"Just in the nick of time: My brackets have never been my one shining moment, but here we go again. You can check ou‚Ä¶ https://t.co/gZFlHQamkn","{'neg': 0.0, 'neu': 1.0, 'pos': 0.0, 'compound': 0.0}",0.0,KimKardashian,https://t.co/TLw4EdH3Yl https://t.co/OiHLDtujjO,"{'neg': 0.0, 'neu': 1.0, 'pos': 0.0, 'compound': 0.0}",0.0
93,BarackObama,"And here are some ways to help cyclone victims in Mozambique, Malawi, and Zimbabwe: https://t.co/if8HZBtWBH","{'neg': 0.128, 'neu': 0.722, 'pos': 0.15, 'compound': 0.1027}",0.1027,KimKardashian,My eBay auctions are coming to an end today!!! Don‚Äôt miss out! https://t.co/Yi1UfwA0k6,"{'neg': 0.187, 'neu': 0.813, 'pos': 0.0, 'compound': -0.4153}",-0.4153
94,BarackObama,The floods in the Midwest and in southern Africa are heartbreaking. Suffering and loss on two sides of the world ca‚Ä¶ https://t.co/JQuv5mQHnq,"{'neg': 0.307, 'neu': 0.693, 'pos': 0.0, 'compound': -0.8126}",-0.8126,KimKardashian,"I‚Äôm so excited for @kkwbeauty to launch at all @ultabeauty stores tomorrow, on 10.20!!! I can‚Äôt wait for you guys t‚Ä¶ https://t.co/WhmOCjZISy","{'neg': 0.0, 'neu': 0.849, 'pos': 0.151, 'compound': 0.5528}",0.5528
95,BarackObama,"In 2011, I visited the tiny town of Moneygall and got to walk around in the house where my great-great-great grandf‚Ä¶ https://t.co/Po21svTQs8","{'neg': 0.0, 'neu': 1.0, 'pos': 0.0, 'compound': 0.0}",0.0,KimKardashian,RT @skims: The Cotton Rib Thong ($20) in Soot - available now in select sizes in all colors at https://t.co/Bn8kuwhTZx. Shop the Cotton Col‚Ä¶,"{'neg': 0.0, 'neu': 1.0, 'pos': 0.0, 'compound': 0.0}",0.0
96,BarackObama,Michelle and I send our condolences to the people of New Zealand. We grieve with you and the Muslim community. All‚Ä¶ https://t.co/lmpsr9lLSr,"{'neg': 0.115, 'neu': 0.885, 'pos': 0.0, 'compound': -0.3818}",-0.3818,KimKardashian,"RT @skims: Hailey wears the Cotton Wide Strap Balconette ($56) - available now in select sizes in Bone, Kyanite, Mineral, and Soot at https‚Ä¶","{'neg': 0.0, 'neu': 1.0, 'pos': 0.0, 'compound': 0.0}",0.0
97,BarackObama,.@MichelleObama and I are rooting hard for Team USA as the Special Olympics World Games get underway this week. Our‚Ä¶ https://t.co/aD4gRnMEL8,"{'neg': 0.063, 'neu': 0.814, 'pos': 0.122, 'compound': 0.3182}",0.3182,KimKardashian,RT @skims: The Cotton Rib Thong ($20) in Soot - available now in select sizes in all colors at https://t.co/Bn8kuwhTZx. Shop the Cotton Col‚Ä¶,"{'neg': 0.0, 'neu': 1.0, 'pos': 0.0, 'compound': 0.0}",0.0
98,BarackObama,"What a great moment. Happy 110th, Virginia. https://t.co/FuNZV3RRV4","{'neg': 0.0, 'neu': 0.391, 'pos': 0.609, 'compound': 0.8316}",0.8316,KimKardashian,‚ô•Ô∏è https://t.co/o5jwb00rXJ,"{'neg': 0.0, 'neu': 1.0, 'pos': 0.0, 'compound': 0.0}",0.0
99,BarackObama,Michelle and I send our deepest sympathies to all who knew the victims of today‚Äôs plane crash in Ethiopia.,"{'neg': 0.238, 'neu': 0.762, 'pos': 0.0, 'compound': -0.6124}",-0.6124,KimKardashian,RT @narcicismo: YEEZY SEASON FOREVER https://t.co/sBw0ylAxAL,"{'neg': 0.0, 'neu': 1.0, 'pos': 0.0, 'compound': 0.0}",0.0
100,BarackObama,The Crew Dragon‚Äôs been on quite a ride since I last saw it‚Äîcongrats to @NASA and @SpaceX on a successful return! We‚Ä¶ https://t.co/eJVhuf5KTQ,"{'neg': 0.0, 'neu': 0.823, 'pos': 0.177, 'compound': 0.6239}",0.6239,KimKardashian,"Shop my @kkwbeauty #KKWXWINNIE Collection for 20% off!! Ends tomorrow, 10.20 at 11:59pm pst at‚Ä¶ https://t.co/PhnxBn1Lbu","{'neg': 0.0, 'neu': 1.0, 'pos': 0.0, 'compound': 0.0}",0.0
101,BarackObama,"Preethi, Alice, and Sefora are just three of many @ObamaFoundation leaders who remind us what International Women‚Äôs‚Ä¶ https://t.co/z319lmm1iP","{'neg': 0.0, 'neu': 1.0, 'pos': 0.0, 'compound': 0.0}",0.0,KimKardashian,üôèüèº https://t.co/cz3Hy291y6,"{'neg': 0.0, 'neu': 1.0, 'pos': 0.0, 'compound': 0.0}",0.0
102,BarackObama,And @SeforaKodjo is helping the next generation of women leaders in Africa rise up. Her organization is training an‚Ä¶ https://t.co/qTd90Kw7ev,"{'neg': 0.0, 'neu': 0.896, 'pos': 0.104, 'compound': 0.296}",0.296,KimKardashian,"RT @innocence: #RodneyReed, who maintains his innocence, has been on death row for the past 21 years for the murder of Stacey Stites in Bas‚Ä¶","{'neg': 0.259, 'neu': 0.663, 'pos': 0.078, 'compound': -0.7906}",-0.7906
103,BarackObama,".@BarbeAlice is helping refugees resettle into welcoming communities in France, offering them job training and lang‚Ä¶ https://t.co/CoeFcGSJ7d","{'neg': 0.0, 'neu': 0.746, 'pos': 0.254, 'compound': 0.6249}",0.6249,KimKardashian,"RT @helenprejean: Racism is an undeniable component of our death penalty system. Just look at #RodneyReed‚Äôs case. Rodney, an innocent Black‚Ä¶","{'neg': 0.362, 'neu': 0.559, 'pos': 0.079, 'compound': -0.8625}",-0.8625
104,BarackObama,.@preethiherman is helping women unleash their power to change their societies. As head of the‚Ä¶ https://t.co/1anUW1vugu,"{'neg': 0.0, 'neu': 0.872, 'pos': 0.128, 'compound': 0.296}",0.296,KimKardashian,RT @helenprejean: #RodneyReed was convicted and sentenced to death by an all-white jury based on false forensic evidence and a timeline tha‚Ä¶,"{'neg': 0.208, 'neu': 0.792, 'pos': 0.0, 'compound': -0.6124}",-0.6124
105,BarackObama,"On International Women‚Äôs Day, I‚Äôm reflecting on the future we all want for our daughters: one where they can live o‚Ä¶ https://t.co/oJiJ7foBZy","{'neg': 0.0, 'neu': 0.942, 'pos': 0.058, 'compound': 0.0772}",0.0772,KimKardashian,"RT @ncadp: #RodneyReed is an innocent man awaiting execution in Texas on November 20th, 2019. The world knows he is innocent &amp; its time to‚Ä¶","{'neg': 0.0, 'neu': 0.827, 'pos': 0.173, 'compound': 0.5859}",0.5859
106,BarackObama,It‚Äôs up to all of us as citizens to make sure that the rules of democracy are fair‚Äîeverywhere‚Äîbecause the next deca‚Ä¶ https://t.co/Tpv5NoYazl,"{'neg': 0.0, 'neu': 0.901, 'pos': 0.099, 'compound': 0.3182}",0.3182,KimKardashian,"PLEASE @GovAbbott How can you execute a man when since his trial, substantial evidence that would exonerate Rodney‚Ä¶ https://t.co/x2fYqtXxL1","{'neg': 0.0, 'neu': 0.663, 'pos': 0.337, 'compound': 0.7672}",0.7672
107,BarackObama,Zion Williamson seems like an outstanding young man as well as an outstanding basketball player. Wishing him a speedy recovery.,"{'neg': 0.0, 'neu': 0.491, 'pos': 0.509, 'compound': 0.926}",0.926,KimKardashian,After watching the movie I opened up my computer &amp; opened up my email about a case I had recently been investigatin‚Ä¶ https://t.co/TsPXwFiIpp,"{'neg': 0.0, 'neu': 1.0, 'pos': 0.0, 'compound': 0.0}",0.0
108,BarackObama,I‚Äôm about to join @StephenCurry30 on stage with @MBK_Alliance to answer questions from boys and young men of color‚Ä¶ https://t.co/iAL5ZRVOUv,"{'neg': 0.0, 'neu': 0.896, 'pos': 0.104, 'compound': 0.296}",0.296,KimKardashian,"I just saw the movie Just Mercy, the film about Bryan Stevenson's book starring Jamie Foxx &amp; Michael B Jordan. wow‚Ä¶ https://t.co/jl2kcLChq9","{'neg': 0.0, 'neu': 0.884, 'pos': 0.116, 'compound': 0.3612}",0.3612
109,BarackObama,"RT @ObamaFoundation: Ahead of #MBKRising and in honor of Black History Month, @BarackObama shared a nonfiction reading list that can help t‚Ä¶","{'neg': 0.0, 'neu': 0.684, 'pos': 0.316, 'compound': 0.8074}",0.8074,KimKardashian,RT @LattalaS: ‚ÄúSunday Service‚Äù @kanyewest ü§î https://t.co/ANY2YM1sr3,"{'neg': 0.0, 'neu': 1.0, 'pos': 0.0, 'compound': 0.0}",0.0
110,BarackObama,I‚Äôve always loved basketball because it‚Äôs about building a team that‚Äôs equal to more than the sum of its parts. Gla‚Ä¶ https://t.co/QZ2PTwFPmq,"{'neg': 0.0, 'neu': 0.837, 'pos': 0.163, 'compound': 0.5994}",0.5994,KimKardashian,"RT @TeamKanyeDaily: A two hour #SundayService in Kingston, Jamaica ends with a ‚ÄúJesus Walks‚Äù performance. https://t.co/LZCOS6V8Cd","{'neg': 0.0, 'neu': 1.0, 'pos': 0.0, 'compound': 0.0}",0.0
111,BarackObama,"Happy Valentine‚Äôs Day to the extraordinarily smart, beautiful, funny, one and only @MichelleObama. It‚Äôs true; she d‚Ä¶ https://t.co/STEbQ40XQ5","{'neg': 0.0, 'neu': 0.448, 'pos': 0.552, 'compound': 0.9432}",0.9432,KimKardashian,RT @skims: Ashourina wears a size 40C in the Cotton Molded Bra ($56) in Soot. Shop now in select sizes in all colors at https://t.co/Bn8kuw‚Ä¶,"{'neg': 0.0, 'neu': 1.0, 'pos': 0.0, 'compound': 0.0}",0.0
112,BarackObama,"In the year since their friends were killed, the students of Parkland refused to settle for the way things are and‚Ä¶ https://t.co/HLvyhgqiup","{'neg': 0.233, 'neu': 0.66, 'pos': 0.108, 'compound': -0.5574}",-0.5574,KimKardashian,RT @skims: Mercedes wears the Cotton Underwire Bra ($48) - available now in select sizes in all colors at https://t.co/Bn8kuwzuR5. Shop the‚Ä¶,"{'neg': 0.0, 'neu': 1.0, 'pos': 0.0, 'compound': 0.0}",0.0
113,BarackObama,"Don‚Äôt be sad it‚Äôs over, be proud it taught us so much. Congrats to all the men and women of @NASA on a @MarsRovers‚Ä¶ https://t.co/lFxXcgiBqS","{'neg': 0.1, 'neu': 0.68, 'pos': 0.22, 'compound': 0.5688}",0.5688,KimKardashian,RT @skims: Ashourina wears the Cotton Molded Bra ($56) and the Cotton String Bikini ($22) in Soot. Shop now in select sizes in all colors a‚Ä¶,"{'neg': 0.0, 'neu': 1.0, 'pos': 0.0, 'compound': 0.0}",0.0
114,BarackObama,"Happy 85th birthday to @RealBillRussell - the greatest champion in American sports, and a lifelong warrior for justice.","{'neg': 0.0, 'neu': 0.441, 'pos': 0.559, 'compound': 0.9451}",0.9451,KimKardashian,üíï https://t.co/LA18G6AlcU,"{'neg': 0.0, 'neu': 1.0, 'pos': 0.0, 'compound': 0.0}",0.0
115,BarackObama,RT @MichelleObama: A big part of friendship is showing up for your girls‚Äîthat‚Äôs why I was thrilled to be there for the one and only @alicia‚Ä¶,"{'neg': 0.0, 'neu': 0.791, 'pos': 0.209, 'compound': 0.7003}",0.7003,KimKardashian,"My @kkwbeauty Best of Nude, Pink and Red Lipstick Sets are RESTOCKED!!! Shop them at https://t.co/aIjp1MBlpZ üñ§ https://t.co/qy5fM01v9w","{'neg': 0.0, 'neu': 0.759, 'pos': 0.241, 'compound': 0.7249}",0.7249
116,BarackObama,My statement on the passing of former Congressman John Dingell: https://t.co/gjBYHHImzB,"{'neg': 0.0, 'neu': 1.0, 'pos': 0.0, 'compound': 0.0}",0.0,KimKardashian,My @kkwbeauty #KKWXWINNIE Collection is 20% off this weekend only!! Shop it today at https://t.co/aIjp1MBlpZ ‚ú® Ends‚Ä¶ https://t.co/SS8MyUPCvR,"{'neg': 0.0, 'neu': 1.0, 'pos': 0.0, 'compound': 0.0}",0.0
117,BarackObama,We lost two great Americans today ‚Äì Frank Robinson and John Dingell ‚Äì citizens who inspired me and so many others b‚Ä¶ https://t.co/EcjpeHhzgf,"{'neg': 0.083, 'neu': 0.652, 'pos': 0.264, 'compound': 0.7184}",0.7184,KimKardashian,RT @KKWMAFIA: .@WendyWilliams wears the @skims Sculpting Bodysuit in Onyx during her Hollywood Walk of Fame Ceremony. #ShowYourSkims https:‚Ä¶,"{'neg': 0.0, 'neu': 0.861, 'pos': 0.139, 'compound': 0.4404}",0.4404
118,BarackObama,"As we celebrate Black History Month and Jackie Robinson‚Äôs 100th birthday, we celebrate the life of all whose courag‚Ä¶ https://t.co/2JUfORxB3X","{'neg': 0.0, 'neu': 0.709, 'pos': 0.291, 'compound': 0.8126}",0.8126,KimKardashian,"RT @skims: The Cotton String Bikini ($22). This second-skin design is effortlessly and universally flattering, adding curves to every silho‚Ä¶","{'neg': 0.0, 'neu': 0.892, 'pos': 0.108, 'compound': 0.3182}",0.3182
119,BarackObama,The @ObamaFoundation is connecting people from around the world so they can form partnerships just like this. I am‚Ä¶ https://t.co/dV9rIvzy8L,"{'neg': 0.0, 'neu': 0.878, 'pos': 0.122, 'compound': 0.3612}",0.3612,KimKardashian,RT @skims: We still have a large variety of Cotton Collection styles still available in select colors and sizes at https://t.co/Bn8kuwhTZx.‚Ä¶,"{'neg': 0.0, 'neu': 1.0, 'pos': 0.0, 'compound': 0.0}",0.0
120,BarackObama,"I‚Äôve always drawn inspiration from what Dr. King called life‚Äôs most persistent and urgent question: ""What are you d‚Ä¶ https://t.co/Cxspr7qtwG","{'neg': 0.0, 'neu': 0.767, 'pos': 0.233, 'compound': 0.6666}",0.6666,KimKardashian,RT @skims: Mercedes wears the Cotton Triangle Bralette ($32) and the Cotton Dipped Thong ($18) in Soot - available now in select sizes and‚Ä¶,"{'neg': 0.0, 'neu': 1.0, 'pos': 0.0, 'compound': 0.0}",0.0
121,BarackObama,RT @MBK_Alliance: President Obama challenged us to improve our communities in 2019‚Äîand mentorship is a concrete action we can take. With @M‚Ä¶,"{'neg': 0.06, 'neu': 0.815, 'pos': 0.124, 'compound': 0.3612}",0.3612,KimKardashian,OBSESSED https://t.co/etIR7Xu5wf,"{'neg': 0.709, 'neu': 0.291, 'pos': 0.0, 'compound': -0.347}",-0.347
122,BarackObama,"I knew it way back then and I‚Äôm absolutely convinced of it today ‚Äî you‚Äôre one of a kind, @MichelleObama. Happy Birt‚Ä¶ https://t.co/VLwQtcydJm","{'neg': 0.0, 'neu': 0.627, 'pos': 0.373, 'compound': 0.8777}",0.8777,KimKardashian,RT @itsKELSEYtho: I wonder what Kim is going to be for Halloween this year üßê https://t.co/oy70l0f1Py,"{'neg': 0.0, 'neu': 1.0, 'pos': 0.0, 'compound': 0.0}",0.0
123,BarackObama,"In 2018 people stepped up and showed up like never before. Keep it up in 2019. We‚Äôve got a lot of work to do, and I‚Ä¶ https://t.co/7XRYXZbFTu","{'neg': 0.0, 'neu': 0.909, 'pos': 0.091, 'compound': 0.3612}",0.3612,KimKardashian,üòÇüòÇüòÇ https://t.co/NBecEFx8c4,"{'neg': 0.0, 'neu': 1.0, 'pos': 0.0, 'compound': 0.0}",0.0
124,BarackObama,"I hope you find inspiration in the stories of Dejah, Moussa, Sandor, Hong and Jonny. Their journeys began with a de‚Ä¶ https://t.co/nfkq6OHmuc","{'neg': 0.0, 'neu': 0.741, 'pos': 0.259, 'compound': 0.743}",0.743,KimKardashian,RT @pooshdotcom: A day in the life of @KimKardashian . Giving multitasking a new meaning. Read the exclusive interview here: https://t.co/6‚Ä¶,"{'neg': 0.0, 'neu': 0.804, 'pos': 0.196, 'compound': 0.4404}",0.4404
125,BarackObama,"Leaders like Jonny Boucher, a Chicago native who, after losing too many friends and family to suicide, started a co‚Ä¶ https://t.co/lKmjQt4MNA","{'neg': 0.256, 'neu': 0.542, 'pos': 0.202, 'compound': -0.3612}",-0.3612,KimKardashian,"Oklahoma Pardon &amp; Parole Board

2915 N. Classen, Suite 405,
Oklahoma City, OK 73106
405-521-6600 (press 0) / 405-52‚Ä¶ https://t.co/q16cJjv0GK","{'neg': 0.0, 'neu': 0.765, 'pos': 0.235, 'compound': 0.6408}",0.6408
126,BarackObama,"Leaders like Hong Hoang, who mobilized a youth-led movement to create a greener world after becoming the first Viet‚Ä¶ https://t.co/gDZ1xNFqhP","{'neg': 0.0, 'neu': 0.777, 'pos': 0.223, 'compound': 0.5574}",0.5574,KimKardashian,"Governor Kevin Stitt
The Office of Governor Kevin Stitt
Oklahoma State Capitol 
2300 N. Lincoln Blvd., Room 212
Okl‚Ä¶ https://t.co/Mn8Z8BWPjR","{'neg': 0.0, 'neu': 1.0, 'pos': 0.0, 'compound': 0.0}",0.0
127,BarackObama,"Leaders like Moussa Kondo and Sandor Lederer, who are each doing their part to fight corruption in their native cou‚Ä¶ https://t.co/XfRJsPyEBG","{'neg': 0.108, 'neu': 0.788, 'pos': 0.104, 'compound': -0.0258}",-0.0258,KimKardashian,I noticed lots of people are asking what they can do to help in the Julius Jones case. You can send letters to the‚Ä¶ https://t.co/GTTyZ0YwNx,"{'neg': 0.0, 'neu': 0.895, 'pos': 0.105, 'compound': 0.4019}",0.4019
128,BarackObama,"Leaders like Dejah Powell, who started an organization to bring health and wellness resources to communities on the‚Ä¶ https://t.co/bHnnttq0bZ","{'neg': 0.0, 'neu': 0.759, 'pos': 0.241, 'compound': 0.6597}",0.6597,KimKardashian,There is an amzing documentary that @violadavis did that featured the Julius Jones‚Äô case called The Last Defense. I‚Ä¶ https://t.co/cfFayQf9Fn,"{'neg': 0.0, 'neu': 0.927, 'pos': 0.073, 'compound': 0.128}",0.128
129,BarackObama,"As the year winds down and we look toward 2019, I‚Äôm asking you to make a commitment: find something you want to cha‚Ä¶ https://t.co/wg2DdYAJWs","{'neg': 0.0, 'neu': 0.843, 'pos': 0.157, 'compound': 0.4404}",0.4404,KimKardashian,Yesterday Oklahoma death-row prisoner #JuliusJones asked the Pardon &amp; Parole Board for clemency.  Please help by as‚Ä¶ https://t.co/P8XjuHeJia,"{'neg': 0.141, 'neu': 0.565, 'pos': 0.294, 'compound': 0.4215}",0.4215
130,BarackObama,"As 2018 draws to a close, I‚Äôm continuing the tradition of sharing my year-end lists. It gives me a moment to reflec‚Ä¶ https://t.co/rSD2tphr3l","{'neg': 0.0, 'neu': 0.877, 'pos': 0.123, 'compound': 0.4215}",0.4215,KimKardashian,RT @skims: Haley wears the Cotton Triangle Bralette ($32) and the Cotton Dipped Thong ($18) - available now in select colors and sizes at h‚Ä¶,"{'neg': 0.0, 'neu': 1.0, 'pos': 0.0, 'compound': 0.0}",0.0
131,BarackObama,Enjoy the holiday season with the ones you love. Michelle and I wish you a very Merry Christmas! https://t.co/LKLqlYfFUw,"{'neg': 0.0, 'neu': 0.415, 'pos': 0.585, 'compound': 0.9508}",0.9508,KimKardashian,RT @skims: Kim Kardashian West (@KimKardashian) wears the Cotton Underwire Bra ($48) in Kyanite - available now in select sizes in all colo‚Ä¶,"{'neg': 0.0, 'neu': 1.0, 'pos': 0.0, 'compound': 0.0}",0.0
132,BarackObama,There‚Äôs no better time than the holidays to give back to your community. Yesterday I got to do just that at‚Ä¶ https://t.co/gGLJomf3ua,"{'neg': 0.086, 'neu': 0.7, 'pos': 0.214, 'compound': 0.5106}",0.5106,KimKardashian,RT @skims: The Cotton Underwire Bra ($48) - available now in select sizes in all colors at https://t.co/Bn8kuwhTZx. Shop the Cotton Collect‚Ä¶,"{'neg': 0.0, 'neu': 1.0, 'pos': 0.0, 'compound': 0.0}",0.0
133,BarackObama,"Merry Christmas and happy holidays to the extraordinary kids, families, and staff at Children‚Äôs National. And thank‚Ä¶ https://t.co/zhMp8GSpfO","{'neg': 0.0, 'neu': 0.605, 'pos': 0.395, 'compound': 0.8689}",0.8689,KimKardashian,What an amazing launch we had yesterday with our @skims cotton collection. I know a lot is sold out but we still ha‚Ä¶ https://t.co/hFu0IblCpQ,"{'neg': 0.0, 'neu': 0.897, 'pos': 0.103, 'compound': 0.34}",0.34
134,BarackObama,Today is the last day of open enrollment. That means it‚Äôs the deadline to make sure you and the people you love hav‚Ä¶ https://t.co/MMZXvDdvaU,"{'neg': 0.0, 'neu': 0.772, 'pos': 0.228, 'compound': 0.7579}",0.7579,KimKardashian,Chicago in Armenia üá¶üá≤ ‚ú® https://t.co/M8lYThr2cC,"{'neg': 0.0, 'neu': 1.0, 'pos': 0.0, 'compound': 0.0}",0.0
135,BarackObama,"Joe is right. Head to https://t.co/SS87NTsgJt before tomorrow‚Äôs deadline. And nice bracelet, by the way. https://t.co/NFy3LxZe3f","{'neg': 0.0, 'neu': 0.843, 'pos': 0.157, 'compound': 0.4215}",0.4215,KimKardashian,Obsessed with these color tones. I‚Äôm wearing the color Mineral here. The fabric is really stretchy and I love weari‚Ä¶ https://t.co/gtULmyf3Iy,"{'neg': 0.07, 'neu': 0.745, 'pos': 0.185, 'compound': 0.5809}",0.5809
136,BarackObama,"As Bobby Kennedy taught us, the thing about hope is that it travels through space *and* time, first splashing again‚Ä¶ https://t.co/EsieA1Ry5F","{'neg': 0.0, 'neu': 0.873, 'pos': 0.127, 'compound': 0.4404}",0.4404,KimKardashian,I‚Äôm wearing the @skims Cotton Rib Tank ($34) and the Cotton Rib Brief ($28) in Mineral. Shop the Cotton Collection‚Ä¶ https://t.co/GxDczBcfQy,"{'neg': 0.0, 'neu': 1.0, 'pos': 0.0, 'compound': 0.0}",0.0
137,BarackObama,"RT @ObamaFoundation: The Cares Family reaches across generational divides to reduce loneliness in the U.K. Hear more from Alex Smith, found‚Ä¶","{'neg': 0.112, 'neu': 0.72, 'pos': 0.168, 'compound': 0.1027}",0.1027,KimKardashian,RT @skims: The Cotton Collection is now available at https://t.co/Bn8kuwhTZx. Shop now before it sells out and receive free domestic shippi‚Ä¶,"{'neg': 0.0, 'neu': 0.858, 'pos': 0.142, 'compound': 0.5106}",0.5106
138,BarackObama,No jump shots. No ferns. No memes. Not this time. I‚Äôm going to give it to you straight: If you need health insuranc‚Ä¶ https://t.co/rThqk0VTXA,"{'neg': 0.232, 'neu': 0.702, 'pos': 0.067, 'compound': -0.5719}",-0.5719,KimKardashian,The @skims Cotton Collection is now available at https://t.co/Qsy51S3rtD. Shop now before it sells out and receive‚Ä¶ https://t.co/LkvZxFvfP6,"{'neg': 0.0, 'neu': 1.0, 'pos': 0.0, 'compound': 0.0}",0.0
139,BarackObama,"RT @GetUSCovered: Just ONE WEEK LEFT to #GetCovered for 2019. Most folks can find coverage for $75 or less per month.

Head over to https:/‚Ä¶","{'neg': 0.0, 'neu': 1.0, 'pos': 0.0, 'compound': 0.0}",0.0,KimKardashian,I am so excited to announce that the @skims Cotton Collection is now available at https://t.co/Qsy51S3rtD! I‚Äôm wear‚Ä¶ https://t.co/ZRCu52JuwZ,"{'neg': 0.0, 'neu': 0.851, 'pos': 0.149, 'compound': 0.4561}",0.4561
140,BarackObama,"Happy Hanukkah! Over these eight nights, we draw inspiration from light that can overpower any darkness, and recomm‚Ä¶ https://t.co/IxuDfVzDLf","{'neg': 0.079, 'neu': 0.63, 'pos': 0.291, 'compound': 0.75}",0.75,KimKardashian,Thank you so much! https://t.co/bZ5FHzfCQF,"{'neg': 0.0, 'neu': 0.589, 'pos': 0.411, 'compound': 0.4199}",0.4199
141,BarackObama,"America has lost a patriot and humble servant in George Herbert Walker Bush. While our hearts are heavy today, they‚Ä¶ https://t.co/2Gn7sGTG90","{'neg': 0.108, 'neu': 0.892, 'pos': 0.0, 'compound': -0.3182}",-0.3182,KimKardashian,üëèüèº @cut_50 https://t.co/t8q3flUGVv,"{'neg': 0.0, 'neu': 1.0, 'pos': 0.0, 'compound': 0.0}",0.0
142,BarackObama,"I am grateful for the next generation of leaders -- the young people who are tolerant, creative, idealistic and doi‚Ä¶ https://t.co/Mnydz2BMZX","{'neg': 0.0, 'neu': 0.597, 'pos': 0.403, 'compound': 0.8689}",0.8689,KimKardashian,üëèüèºüëèüèºüëèüèº https://t.co/n3erkcwD01,"{'neg': 0.0, 'neu': 1.0, 'pos': 0.0, 'compound': 0.0}",0.0
143,BarackObama,Thanks to the Chicago @FoodDepository team for all you do and to the volunteers who are doing great work and let me‚Ä¶ https://t.co/noTTWJDrlv,"{'neg': 0.0, 'neu': 0.75, 'pos': 0.25, 'compound': 0.7906}",0.7906,KimKardashian,"RT @KKWFORMATION: The @SKIMS Cotton Collection, consisting of comfortable loungewear pieces, is releasing TOMORROW at 9 AM PST! Don‚Äôt miss‚Ä¶","{'neg': 0.0, 'neu': 0.834, 'pos': 0.166, 'compound': 0.5562}",0.5562
144,BarackObama,RT @ObamaFoundation: The Obama Presidential Center represents a historic opportunity to build a world-class museum and public gathering spa‚Ä¶,"{'neg': 0.0, 'neu': 0.851, 'pos': 0.149, 'compound': 0.4215}",0.4215,KimKardashian,The @skims Cotton Collection launches TOMORROW at 9AM PST / 12PM EST only at https://t.co/Qsy51S3rtD. Join the wait‚Ä¶ https://t.co/eulp3ySyBA,"{'neg': 0.0, 'neu': 0.885, 'pos': 0.115, 'compound': 0.296}",0.296
145,BarackObama,"When someone shares their story, we see the world through their eyes. I‚Äôm looking forward to hearing a few from lea‚Ä¶ https://t.co/4ZM6S85yuU","{'neg': 0.0, 'neu': 0.901, 'pos': 0.099, 'compound': 0.296}",0.296,KimKardashian,RT @AsyaKardashian: ‚ú® https://t.co/1hUQgSXqAg,"{'neg': 0.0, 'neu': 1.0, 'pos': 0.0, 'compound': 0.0}",0.0
146,BarackObama,"Our future depends on all our young people, including our boys and young men of color, being able to achieve their‚Ä¶ https://t.co/TaRXBwtm9v","{'neg': 0.0, 'neu': 1.0, 'pos': 0.0, 'compound': 0.0}",0.0,KimKardashian,RT @KKWMAFIA: The @skims Collection Collection offers 13 new pieces made from ultra soft and breathable cotton. The collection launches TOM‚Ä¶,"{'neg': 0.0, 'neu': 1.0, 'pos': 0.0, 'compound': 0.0}",0.0
147,BarackObama,"Of course, @MichelleObama‚Äôs my wife, so I‚Äôm a little biased here. But she also happens to be brilliant, funny, wise‚Ä¶ https://t.co/bhzH5QSA0x","{'neg': 0.08, 'neu': 0.66, 'pos': 0.26, 'compound': 0.6838}",0.6838,KimKardashian,üëèüèºüëèüèºüëèüèº https://t.co/dMVcnNMiMQ,"{'neg': 0.0, 'neu': 1.0, 'pos': 0.0, 'compound': 0.0}",0.0
148,BarackObama,"Michelle and I are heartbroken for everybody who‚Äôs lost so much in California, and grateful for the heroism of the‚Ä¶ https://t.co/4sNwd1l283","{'neg': 0.224, 'neu': 0.544, 'pos': 0.231, 'compound': 0.0516}",0.0516,KimKardashian,Visiting the Armenian Genocide Museum was extremely emotional. I can‚Äôt believe with all of the photos from the mass‚Ä¶ https://t.co/MfSiRe8kTd,"{'neg': 0.0, 'neu': 0.905, 'pos': 0.095, 'compound': 0.2247}",0.2247
149,BarackObama,To all our veterans and your families: thank you. There's no tribute that can truly match the magnitude of your ser‚Ä¶ https://t.co/ypSU5ocwN2,"{'neg': 0.083, 'neu': 0.714, 'pos': 0.203, 'compound': 0.4939}",0.4939,KimKardashian,Visiting the Armenian Genocide Museum was extremely emotional. I can‚Äôt believe with all of the photos from the mass‚Ä¶ https://t.co/Dapy27gYRX,"{'neg': 0.0, 'neu': 0.905, 'pos': 0.095, 'compound': 0.2247}",0.2247
150,BarackObama,Congratulations to everybody who showed up and participated in our democracy in record numbers yesterday. The chang‚Ä¶ https://t.co/KtOmsuUdHh,"{'neg': 0.0, 'neu': 0.813, 'pos': 0.187, 'compound': 0.5994}",0.5994,KimKardashian,"My new @kkwbeauty Holiday 2019 Lip Trio!! Featuring Nude 3 Cr√®me Lipstick, 90‚Äôs Style Matte Lipstick and Ultralight‚Ä¶ https://t.co/PPp1vQ0r6N","{'neg': 0.0, 'neu': 0.838, 'pos': 0.162, 'compound': 0.508}",0.508
151,BarackObama,"Today is the day. Today, it‚Äôs your turn to raise your voice to change the course of this country for the better. So‚Ä¶ https://t.co/PHQApoHdgr","{'neg': 0.0, 'neu': 0.888, 'pos': 0.112, 'compound': 0.4404}",0.4404,KimKardashian,"RT @skims: Mercedes wears the Cotton Plunge Bralette ($36) and the Cotton Rib Boxer ($32) in Mineral, part of the exclusive Cotton Collecti‚Ä¶","{'neg': 0.0, 'neu': 0.936, 'pos': 0.064, 'compound': 0.128}",0.128
152,BarackObama,"If you take that power and vote, something powerful happens. Change happens. Hope happens. And with each new step w‚Ä¶ https://t.co/QwBCsv2WKS","{'neg': 0.0, 'neu': 0.769, 'pos': 0.231, 'compound': 0.6908}",0.6908,KimKardashian,"Mercedes wears the @skims Cotton Plunge Bralette ($36) and the Cotton Rib Boxer ($32) in Mineral, part of the exclu‚Ä¶ https://t.co/YdTtOeyeBU","{'neg': 0.0, 'neu': 1.0, 'pos': 0.0, 'compound': 0.0}",0.0
153,BarackObama,"When you vote, you have the power to make it easier for a student to afford college, and harder for a disturbed per‚Ä¶ https://t.co/IqykmSWOMo","{'neg': 0.102, 'neu': 0.787, 'pos': 0.11, 'compound': 0.0516}",0.0516,KimKardashian,My new @kkwbeauty limited edition Cr√®me Lipstick &amp; Highlight Set!!Available exclusively at all @ultabeauty stores o‚Ä¶ https://t.co/O93sfbVu1R,"{'neg': 0.096, 'neu': 0.754, 'pos': 0.15, 'compound': 0.2695}",0.2695
154,BarackObama,"When you vote, you have the power to protect voting rights. To make sure our criminal justice system treats everyon‚Ä¶ https://t.co/KmjBq77g5M","{'neg': 0.118, 'neu': 0.592, 'pos': 0.289, 'compound': 0.5994}",0.5994,KimKardashian,RT @AsyaKardashian: KIM‚ÄôS CONFESSIONAL LOOKS ON #KUWTK SEASON 17üî• https://t.co/GB7rQYqReo,"{'neg': 0.0, 'neu': 1.0, 'pos': 0.0, 'compound': 0.0}",0.0
155,BarackObama,"When we've been at such crossroads before, Americans have made the right choice. Not because we sat back and waited‚Ä¶ https://t.co/Rrxma5NCX1","{'neg': 0.0, 'neu': 1.0, 'pos': 0.0, 'compound': 0.0}",0.0,KimKardashian,Damn Lakeisha!!!!! Tasha did you wrong. I really feel for Tommy üíî @lala I love you!!!!,"{'neg': 0.329, 'neu': 0.472, 'pos': 0.198, 'compound': -0.4153}",-0.4153
156,BarackObama,Tomorrow‚Äôs elections might be the most important of our lifetimes. The health care of millions is on the ballot. Ma‚Ä¶ https://t.co/9Vw2V9sSLv,"{'neg': 0.0, 'neu': 0.782, 'pos': 0.218, 'compound': 0.6478}",0.6478,KimKardashian,My first tweet lol #TrueHollywoodStory https://t.co/uySqSCS55Q,"{'neg': 0.0, 'neu': 0.641, 'pos': 0.359, 'compound': 0.4215}",0.4215
157,BarackObama,"Speaking of preexisting conditions, open enrollment starts today. If you or someone you know needs health care, vis‚Ä¶ https://t.co/VKJHRTRNY2","{'neg': 0.0, 'neu': 0.849, 'pos': 0.151, 'compound': 0.4939}",0.4939,KimKardashian,I remember the day I signed up for Twitter! So crazy looking back. #TrueHollywoodStory https://t.co/u7gygXIp8E,"{'neg': 0.199, 'neu': 0.801, 'pos': 0.0, 'compound': -0.4561}",-0.4561
158,BarackObama,"Elections matter. You have the power to protect a family‚Äôs health care. Make a plan, grab some friends, and vote: https://t.co/rY8Ip1km9p","{'neg': 0.0, 'neu': 0.6, 'pos': 0.4, 'compound': 0.8402}",0.8402,KimKardashian,RT @e_THS: Momager knows best. #TrueHollywoodStory https://t.co/qnKlYJrjBi,"{'neg': 0.0, 'neu': 0.588, 'pos': 0.412, 'compound': 0.6369}",0.6369
159,BarackObama,"While we're talking about preexisting conditions, the ACA is the law that finally protected your coverage for preex‚Ä¶ https://t.co/tixOSz0DNP","{'neg': 0.0, 'neu': 0.861, 'pos': 0.139, 'compound': 0.4404}",0.4404,KimKardashian,@khloesheart Thank you ‚ù§Ô∏è,"{'neg': 0.0, 'neu': 0.545, 'pos': 0.455, 'compound': 0.3612}",0.3612
160,BarackObama,"Not sure who and what you can vote for? Head over to https://t.co/SHxg6ael0O to look up your state, learn who's run‚Ä¶ https://t.co/ATph6fzt75","{'neg': 0.085, 'neu': 0.915, 'pos': 0.0, 'compound': -0.2411}",-0.2411,KimKardashian,"RT @AveKardashian: First #KUWTK and now #TrueHollywoodStory ?! I couldn‚Äôt ask for a better way to end my Sunday. ‚ù§Ô∏è 
@KimKardashian","{'neg': 0.0, 'neu': 0.849, 'pos': 0.151, 'compound': 0.4926}",0.4926
161,BarackObama,Your vote can decide the health care of millions. Your voice can determine the character of our country. You have p‚Ä¶ https://t.co/ou6DL1g1b6,"{'neg': 0.0, 'neu': 0.868, 'pos': 0.132, 'compound': 0.4939}",0.4939,KimKardashian,"No greater motivation than someone telling you you can‚Äôt achieve something. Never let anyone tell you who you are,‚Ä¶ https://t.co/QcnH2qC9VD","{'neg': 0.091, 'neu': 0.705, 'pos': 0.203, 'compound': 0.4019}",0.4019
162,BarackObama,We grieve for the Americans murdered in Pittsburgh. All of us have to fight the rise of anti-Semitism and hateful r‚Ä¶ https://t.co/X9SED9pg8X,"{'neg': 0.416, 'neu': 0.584, 'pos': 0.0, 'compound': -0.9153}",-0.9153,KimKardashian,RT @planetkyliekj: @KimKardashian #THS starts rn! don't forget to watch and use the hashtag ‚ô•,"{'neg': 0.0, 'neu': 0.869, 'pos': 0.131, 'compound': 0.2401}",0.2401
163,BarackObama,"The last presidential election turned on fewer than 100,000 votes in three states. More people go to Coachella. The‚Ä¶ https://t.co/JtJlYxwGbf","{'neg': 0.0, 'neu': 1.0, 'pos': 0.0, 'compound': 0.0}",0.0,KimKardashian,RT @KrisJenner: Kim‚Äôs episode of #TrueHollywoodStory starts NOW on E! @KimKardashian,"{'neg': 0.0, 'neu': 1.0, 'pos': 0.0, 'compound': 0.0}",0.0
164,BarackObama,America is always at our best when we look out for each other. Please do what you can to help people recover and re‚Ä¶ https://t.co/p53FdzYe97,"{'neg': 0.0, 'neu': 0.705, 'pos': 0.295, 'compound': 0.8481}",0.8481,KimKardashian,Yes!! #TrueHollywoodStory https://t.co/2dz3hKZi8D,"{'neg': 0.0, 'neu': 0.379, 'pos': 0.621, 'compound': 0.508}",0.508
165,BarackObama,I‚Äôm so proud of the work @MichelleObama has done over the years to ensure adolescent girls have access to education‚Ä¶ https://t.co/oMXzcgI4l2,"{'neg': 0.0, 'neu': 0.76, 'pos': 0.24, 'compound': 0.7178}",0.7178,KimKardashian,RT @kardashstormy: @KimKardashian Rt if u will watch #THS with @KimKardashian !!!!! after #KUWTK @khloekardashian  @KrisJenner,"{'neg': 0.0, 'neu': 1.0, 'pos': 0.0, 'compound': 0.0}",0.0
166,BarackObama,Congratulations to Drew Brees on the all time passing record. Always a class act.,"{'neg': 0.0, 'neu': 0.755, 'pos': 0.245, 'compound': 0.5994}",0.5994,KimKardashian,Starts in 5 mins! Right after Keeping Up! https://t.co/NkD7IpLaGs,"{'neg': 0.0, 'neu': 1.0, 'pos': 0.0, 'compound': 0.0}",0.0
167,BarackObama,"Happy Anniversary, @MichelleObama. For 26 years, you‚Äôve been an extraordinary partner, someone who can always make‚Ä¶ https://t.co/csomlGbL1B","{'neg': 0.0, 'neu': 0.812, 'pos': 0.188, 'compound': 0.5719}",0.5719,KimKardashian,I love sharing everything from behind the scenes with you guys. So much work and preparation goes into these moment‚Ä¶ https://t.co/VqNEN43U6y,"{'neg': 0.0, 'neu': 0.72, 'pos': 0.28, 'compound': 0.7906}",0.7906
168,BarackObama,"Today, I‚Äôm proud to endorse even more Democratic candidates who aren‚Äôt just running against something, but for some‚Ä¶ https://t.co/oqewS0Y8vZ","{'neg': 0.0, 'neu': 0.821, 'pos': 0.179, 'compound': 0.4019}",0.4019,KimKardashian,Guys stick around after Keeping Up because my episode of E! True Hollywood Story is on right after! #THS,"{'neg': 0.0, 'neu': 0.842, 'pos': 0.158, 'compound': 0.5242}",0.5242
169,BarackObama,"From civil servants to organizers, the young people I met in Amsterdam today are doing the hard work of change. And‚Ä¶ https://t.co/mlAp2SRZlP","{'neg': 0.065, 'neu': 0.935, 'pos': 0.0, 'compound': -0.1027}",-0.1027,KimKardashian,@kardashwjenner Thank you!,"{'neg': 0.0, 'neu': 0.417, 'pos': 0.583, 'compound': 0.4199}",0.4199
170,BarackObama,"The antidote to government by a powerful few is government by the organized, energized many. This National Voter Re‚Ä¶ https://t.co/3W5pfaUdKd","{'neg': 0.0, 'neu': 0.736, 'pos': 0.264, 'compound': 0.7269}",0.7269,KimKardashian,The most incredible night! How amazing did my sisters look? #KUWTK https://t.co/738jJX9mrd,"{'neg': 0.0, 'neu': 0.729, 'pos': 0.271, 'compound': 0.6239}",0.6239
171,BarackObama,"The first class of Obama Fellows is full of leaders like Keith‚Äîhardworking, innovative, and dedicated to partnering‚Ä¶ https://t.co/nOd6FzH23n","{'neg': 0.0, 'neu': 0.641, 'pos': 0.359, 'compound': 0.8126}",0.8126,KimKardashian,"Lol so impossible, but worth it! #KUWTK https://t.co/kgUWrateUs","{'neg': 0.0, 'neu': 0.549, 'pos': 0.451, 'compound': 0.6043}",0.6043
172,BarackObama,"We will always remember everyone we lost on 9/11, thank the first responders who keep us safe, and honor all who de‚Ä¶ https://t.co/ku270JQnwl","{'neg': 0.077, 'neu': 0.635, 'pos': 0.288, 'compound': 0.743}",0.743,KimKardashian,RT @khloekardashian: I Stan for my family!!!!!! #KUWTK,"{'neg': 0.0, 'neu': 1.0, 'pos': 0.0, 'compound': 0.0}",0.0
173,BarackObama,"RT @nowthisnews: If you still don't think the midterms will affect you, @BarackObama is back to spell out just how important they are https‚Ä¶","{'neg': 0.0, 'neu': 0.927, 'pos': 0.073, 'compound': 0.2023}",0.2023,KimKardashian,"My E! True Hollywood Story, tonight at 10pm after Keeping Up! https://t.co/jeDBZc9AWJ","{'neg': 0.0, 'neu': 0.765, 'pos': 0.235, 'compound': 0.5242}",0.5242
174,BarackObama,Today I‚Äôm at the University of Illinois to deliver a simple message to young people all over the country: You need‚Ä¶ https://t.co/brM6Vd7j2R,"{'neg': 0.0, 'neu': 1.0, 'pos': 0.0, 'compound': 0.0}",0.0,KimKardashian,Tonight on #KUWTK! Watch with us at 9pm and then tune in right after for my episode of E! True Hollywood Story at 1‚Ä¶ https://t.co/P9rrkRyyGf,"{'neg': 0.0, 'neu': 0.876, 'pos': 0.124, 'compound': 0.5242}",0.5242
175,BarackObama,Yesterday I met with high school students on Chicago‚Äôs Southwest side who spent the summer learning to code some pr‚Ä¶ https://t.co/hY9B0mSQB9,"{'neg': 0.0, 'neu': 1.0, 'pos': 0.0, 'compound': 0.0}",0.0,KimKardashian,Need Halloween costume ideas!!!,"{'neg': 0.0, 'neu': 1.0, 'pos': 0.0, 'compound': 0.0}",0.0
176,BarackObama,Congratulations to Hawaii for winning the Little League World Series! You make America very proud. ü§ôüèæ https://t.co/8Un7LPXgX1,"{'neg': 0.0, 'neu': 0.56, 'pos': 0.44, 'compound': 0.8997}",0.8997,KimKardashian,"RT @skims: The Cotton Collection: @KimKardashian‚Äôs essential underwear and lounge pieces made from ultra soft and breathable cotton, launch‚Ä¶","{'neg': 0.0, 'neu': 1.0, 'pos': 0.0, 'compound': 0.0}",0.0
177,BarackObama,Our statement on the passing of Senator John McCain: https://t.co/3GBjNYxoj5,"{'neg': 0.0, 'neu': 1.0, 'pos': 0.0, 'compound': 0.0}",0.0,KimKardashian,"The @skims Cotton Collection: My essential underwear and lounge pieces made from ultra soft and breathable cotton,‚Ä¶ https://t.co/oD2cDFjsho","{'neg': 0.0, 'neu': 1.0, 'pos': 0.0, 'compound': 0.0}",0.0
178,BarackObama,"Aretha helped define the American experience. In her voice, we could feel our history, all of it and in every shade‚Ä¶ https://t.co/hUcQpbdydq","{'neg': 0.0, 'neu': 1.0, 'pos': 0.0, 'compound': 0.0}",0.0,KimKardashian,"RT @skims: Made for lounging, at home @KimKardashian wears the Cotton Rib Tank ($34) and the Cotton Rib Boxer ($32) in Bone. Shop the Cotto‚Ä¶","{'neg': 0.0, 'neu': 1.0, 'pos': 0.0, 'compound': 0.0}",0.0
179,BarackObama,"Bobby Kennedy was one of my heroes. He was someone who showed us the power of acting on our ideals, the idea that a‚Ä¶ https://t.co/mMVBHEBzsv","{'neg': 0.0, 'neu': 0.819, 'pos': 0.181, 'compound': 0.6249}",0.6249,KimKardashian,"Made for lounging, I‚Äôm at home wearing the @skims Cotton Rib Tank ($34) and the Cotton Rib Boxer ($32) in Bone. Sho‚Ä¶ https://t.co/FOTN9p7a4f","{'neg': 0.0, 'neu': 1.0, 'pos': 0.0, 'compound': 0.0}",0.0
180,BarackObama,"I‚Äôm confident that, together, they‚Äôll strengthen this country we love by restoring opportunity, repairing our allia‚Ä¶ https://t.co/CgiImgqCDD","{'neg': 0.0, 'neu': 0.449, 'pos': 0.551, 'compound': 0.9287}",0.9287,KimKardashian,Met Gala moments! Tonight on Keeping Up! 9/8c on E! @KUWTK https://t.co/Uo93CpyL7E,"{'neg': 0.0, 'neu': 1.0, 'pos': 0.0, 'compound': 0.0}",0.0
181,BarackObama,"Today I‚Äôm proud to endorse such a wide and impressive array of Democratic candidates ‚Äì leaders as diverse, patrioti‚Ä¶ https://t.co/i0MECnqfJr","{'neg': 0.0, 'neu': 0.633, 'pos': 0.367, 'compound': 0.8271}",0.8271,KimKardashian,RT @KKWMAFIA: Don‚Äôt miss E! #TrueHollywoodStory: Who Is Kim Kardashian West? TONIGHT at 10|9c! @e_ths https://t.co/BWt6j2UHt3,"{'neg': 0.127, 'neu': 0.873, 'pos': 0.0, 'compound': -0.2924}",-0.2924
182,BarackObama,"Mandela Day is about taking action to change the world for the better. In these young people, I see Madiba's exampl‚Ä¶ https://t.co/iT1v545C2L","{'neg': 0.0, 'neu': 0.873, 'pos': 0.127, 'compound': 0.4404}",0.4404,KimKardashian,RT @glumobile: Today we are proud to support @SpecialEffect by donating Kim Kardashian: Hollywood‚Äôs UK revenue to help gamers with disabili‚Ä¶,"{'neg': 0.0, 'neu': 0.679, 'pos': 0.321, 'compound': 0.8176}",0.8176
183,BarackObama,"This week, I‚Äôm traveling to Africa for the first time since I left office ‚Äì a continent of wonderful diversity, thr‚Ä¶ https://t.co/UDROtalUlX","{'neg': 0.0, 'neu': 0.829, 'pos': 0.171, 'compound': 0.5719}",0.5719,KimKardashian,"RT @AsyaKardashian: #TrueHollywoodStory: Who Is Kim Kardashian West? 

Tonight at 10|9c! after #KUWTK https://t.co/LWu8v0WSxx","{'neg': 0.0, 'neu': 1.0, 'pos': 0.0, 'compound': 0.0}",0.0
184,BarackObama,RT @MichelleObama: Sometimes truth transcends party. https://t.co/TeFM7NmNzU,"{'neg': 0.0, 'neu': 0.5, 'pos': 0.5, 'compound': 0.6124}",0.6124,KimKardashian,So excited for the @skims most comfy cotton collection to launch this Tuesday. I‚Äôm wearing the @skims Cotton Underw‚Ä¶ https://t.co/BO1CWr8Gtn,"{'neg': 0.0, 'neu': 0.876, 'pos': 0.124, 'compound': 0.4005}",0.4005
185,BarackObama,Congratulations to the @Capitals! This @NHLBlackhawks fan knows what it‚Äôs like to lift that cup ‚Äì and I‚Äôm happy for‚Ä¶ https://t.co/9LG5lxLQC7,"{'neg': 0.0, 'neu': 0.558, 'pos': 0.442, 'compound': 0.9134}",0.9134,KimKardashian,"Mercedes wears the @skims Cotton Plunge Bralette ($36) in Kyanite, coming soon in sizes XXS - 4X. Shop the Cotton C‚Ä¶ https://t.co/wm0mZBLUdr","{'neg': 0.0, 'neu': 1.0, 'pos': 0.0, 'compound': 0.0}",0.0
186,BarackObama,"‚ÄúLow plastic stool, cheap but delicious noodles, cold Hanoi beer.‚Äù This is how I‚Äôll remember Tony. He taught us abo‚Ä¶ https://t.co/l79o6OyNAT","{'neg': 0.0, 'neu': 0.798, 'pos': 0.202, 'compound': 0.7227}",0.7227,KimKardashian,‚ô•Ô∏è https://t.co/lRH45f2vf1,"{'neg': 0.0, 'neu': 1.0, 'pos': 0.0, 'compound': 0.0}",0.0
187,BarackObama,"This National Gun Violence Awareness Day, show your commitment to keeping our kids safe from gun violence. Then, fo‚Ä¶ https://t.co/Nr5qxK8sgu","{'neg': 0.4, 'neu': 0.431, 'pos': 0.169, 'compound': -0.8176}",-0.8176,KimKardashian,RT @HowardU: ‚ÄúBeautiful Morning!‚Äù @kanyewest #HUHC19 #HowardHomecoming https://t.co/HCGFaGp9vF,"{'neg': 0.0, 'neu': 1.0, 'pos': 0.0, 'compound': 0.0}",0.0
188,BarackObama,"We can never truly repay the debt we owe our fallen heroes. But we can remember them, honor their sacrifice, and af‚Ä¶ https://t.co/iHLhFdhoZQ","{'neg': 0.232, 'neu': 0.564, 'pos': 0.204, 'compound': 0.0243}",0.0243,KimKardashian,RT @skonsmo: Kanye West doing a pop up performance at the yard of Howard University Campus this morning. Hundredsds down here righteous now‚Ä¶,"{'neg': 0.0, 'neu': 1.0, 'pos': 0.0, 'compound': 0.0}",0.0
189,BarackObama,This Center is for the leaders of tomorrow who are ready to step up and build the world as it should be. Michelle a‚Ä¶ https://t.co/XN7anzCTst,"{'neg': 0.0, 'neu': 0.906, 'pos': 0.094, 'compound': 0.3612}",0.3612,KimKardashian,"RT @TishaLewis: Listen.

Politics aside, there‚Äôs something about young people worshipping, unashamed and unafraid, that makes me feel emoti‚Ä¶","{'neg': 0.0, 'neu': 0.874, 'pos': 0.126, 'compound': 0.3818}",0.3818
190,BarackObama,"Happy Mother‚Äôs Day to every mom out there, especially the remarkable moms in my life, @MichelleObama and my mother-‚Ä¶ https://t.co/QsZPuZ2OoJ","{'neg': 0.0, 'neu': 0.704, 'pos': 0.296, 'compound': 0.8214}",0.8214,KimKardashian,Today was so good! üôèüèºüôèüèºüôèüèº https://t.co/H9HWKNvGHe,"{'neg': 0.0, 'neu': 0.554, 'pos': 0.446, 'compound': 0.6166}",0.6166
191,BarackObama,There are few issues more important to the security of the US than the potential spread of nuclear weapons or the p‚Ä¶ https://t.co/ym4YTPpbWl,"{'neg': 0.106, 'neu': 0.73, 'pos': 0.164, 'compound': 0.1513}",0.1513,KimKardashian,Yes @TheRealHalim this is so powerful! https://t.co/7rjnlgzf8h,"{'neg': 0.0, 'neu': 0.431, 'pos': 0.569, 'compound': 0.7655}",0.7655
192,BarackObama,RT @MichelleObama: Happy #CollegeSigningDay! So excited to be in Philly to celebrate all the young people making the commitment to higher e‚Ä¶,"{'neg': 0.0, 'neu': 0.581, 'pos': 0.419, 'compound': 0.9183}",0.9183,KimKardashian,RT @balleralert: Kanye West surprised students at Howard University with a Sunday Service on a Saturday for their homecoming (üé•: @drethemay‚Ä¶,"{'neg': 0.0, 'neu': 0.905, 'pos': 0.095, 'compound': 0.2263}",0.2263
193,BarackObama,"These talented young people will create a better future not just in Africa, but around the world. I can‚Äôt wait to s‚Ä¶ https://t.co/0YgQxnOrz9","{'neg': 0.0, 'neu': 0.761, 'pos': 0.239, 'compound': 0.5647}",0.5647,KimKardashian,"Ashourina wears the @skims Cotton Underwire Bra ($48) in Soot, coming soon in 31 band and cup sizes. Shop the Cotto‚Ä¶ https://t.co/hwXivbl39s","{'neg': 0.0, 'neu': 1.0, 'pos': 0.0, 'compound': 0.0}",0.0
194,BarackObama,Our statement on the passing of Former First Lady Barbara Bush: https://t.co/MhTVYCL9Nj,"{'neg': 0.0, 'neu': 1.0, 'pos': 0.0, 'compound': 0.0}",0.0,KimKardashian,"Haley wears the @skims Cotton Triangle Bralette ($32) in Mineral, coming soon in sizes XXS - 4X. Shop the Cotton Co‚Ä¶ https://t.co/xKXFVy5v3n","{'neg': 0.0, 'neu': 1.0, 'pos': 0.0, 'compound': 0.0}",0.0
195,BarackObama,RT @ObamaFoundation: We just announced the inaugural class of #ObamaFellows. These 20 civic leaders have carried out inspiring work around‚Ä¶,"{'neg': 0.0, 'neu': 0.872, 'pos': 0.128, 'compound': 0.4215}",0.4215,KimKardashian,"RT @TheUndefeated: D.C. native Momolu Stewart, gained his freedom just four days ago with the help of @KimKardashian #yeezyatHoward #Howard‚Ä¶","{'neg': 0.0, 'neu': 0.642, 'pos': 0.358, 'compound': 0.8591}",0.8591
196,BarackObama,"RT @ObamaFoundation: This week‚Äî50 years since Dr. Martin Luther King, Jr. was killed‚Äî@BarackObama and @RepJohnLewis sat down with a group o‚Ä¶","{'neg': 0.0, 'neu': 1.0, 'pos': 0.0, 'compound': 0.0}",0.0,KimKardashian,üôèüèº https://t.co/2zn2bvSohH,"{'neg': 0.0, 'neu': 1.0, 'pos': 0.0, 'compound': 0.0}",0.0
197,BarackObama,Incredible to have a Chicago team in the Final Four. I‚Äôll take that over an intact bracket any day! Congratulations‚Ä¶ https://t.co/V9IbaSlbIp,"{'neg': 0.0, 'neu': 0.901, 'pos': 0.099, 'compound': 0.2714}",0.2714,KimKardashian,RT @TeamKanyeDaily: MOOD. üòÇüòÇ https://t.co/3SYkZmESCX,"{'neg': 0.0, 'neu': 1.0, 'pos': 0.0, 'compound': 0.0}",0.0
198,BarackObama,Michelle and I are so inspired by all the young people who made today‚Äôs marches happen. Keep at it. You‚Äôre leading‚Ä¶ https://t.co/d0DTg594Cs,"{'neg': 0.0, 'neu': 0.829, 'pos': 0.171, 'compound': 0.6269}",0.6269,KimKardashian,DC Howard University ready #SundayService https://t.co/xuEZBZpca1,"{'neg': 0.0, 'neu': 0.667, 'pos': 0.333, 'compound': 0.3612}",0.3612
199,BarackObama,Our most important task as a nation is to make sure all our young people can achieve their dreams. We‚Äôve started th‚Ä¶ https://t.co/gNw9ks6pMY,"{'neg': 0.0, 'neu': 0.728, 'pos': 0.272, 'compound': 0.7264}",0.7264,KimKardashian,üíö‚ù§Ô∏è https://t.co/w5gXjseEdb,"{'neg': 0.0, 'neu': 1.0, 'pos': 0.0, 'compound': 0.0}",0.0
